Gene stable ID,Transcript stable ID,Exon stable ID,Gene name
ENSG00000134504,ENST00000577255,ENSE00002688710,KCTD1
ENSG00000102452,ENST00000675075,ENSE00003901132,NALCN
ENSG00000160200,ENST00000461686,ENSE00003525847,CBS
ENSG00000160200,ENST00000491776,ENSE00001924222,CBS
ENSG00000160200,ENST00000458223,ENSE00001630945,CBS
ENSG00000160200,ENST00000430013,ENSE00001772125,CBS
ENSG00000160200,ENST00000486098,ENSE00001842478,CBS
ENSG00000160200,ENST00000486098,ENSE00001905316,CBS
ENSG00000170558,ENST00000676041,ENSE00003900152,CDH2
ENSG00000126778,ENST00000645694,ENSE00003825363,SIX1
ENSG00000196628,ENST00000562680,ENSE00002623377,TCF4
ENSG00000196628,ENST00000626631,ENSE00003772655,TCF4
ENSG00000008086,ENST00000623610,ENSE00003754933,CDKL5
ENSG00000160224,ENST00000530812,ENSE00002196264,AIRE
ENSG00000160224,ENST00000527919,ENSE00002157138,AIRE
ENSG00000160224,ENST00000291582,ENSE00001050710,AIRE
ENSG00000088836,ENST00000474451,ENSE00003532783,SLC4A11
ENSG00000133422,ENST00000476152,ENSE00003502149,MORC2
ENSG00000142156,ENST00000361866,ENSE00002473380,COL6A1
ENSG00000142156,ENST00000361866,ENSE00002442314,COL6A1
ENSG00000142156,ENST00000361866,ENSE00002514254,COL6A1
ENSG00000142156,ENST00000361866,ENSE00002446605,COL6A1
ENSG00000147099,ENST00000649181,ENSE00003835578,HDAC8
ENSG00000147099,ENST00000650471,ENSE00003836670,HDAC8
ENSG00000137074,ENST00000673114,ENSE00003890880,APTX
ENSG00000137074,ENST00000480031,ENSE00001820025,APTX
ENSG00000158813,ENST00000338901,ENSE00003743215,EDA
ENSG00000158813,ENST00000374553,ENSE00001463806,EDA
ENSG00000158813,ENST00000524573,ENSE00002169047,EDA
ENSG00000122359,ENST00000265447,ENSE00003555103,ANXA11
ENSG00000005339,ENST00000637492,ENSE00003796737,CREBBP
ENSG00000005339,ENST00000571763,ENSE00002671642,CREBBP
ENSG00000005339,ENST00000576720,ENSE00003510976,CREBBP
ENSG00000005339,ENST00000574740,ENSE00002640954,CREBBP
ENSG00000010404,ENST00000340855,ENSE00003845145,IDS
ENSG00000010404,ENST00000428056,ENSE00001861327,IDS
ENSG00000010404,ENST00000521702,ENSE00002114172,IDS
ENSG00000139083,ENST00000266427,ENSE00002245284,ETV6
ENSG00000160223,ENST00000700353,ENSE00003979605,ICOSLG
ENSG00000160223,ENST00000700361,ENSE00003979607,ICOSLG
ENSG00000185010,ENST00000360256,ENSE00001591329,F8
ENSG00000185010,ENST00000360256,ENSE00001311652,F8
ENSG00000185010,ENST00000647125,ENSE00003821033,F8
ENSG00000185010,ENST00000647125,ENSE00003820480,F8
ENSG00000123191,ENST00000673867,ENSE00003897217,ATP7B
ENSG00000123191,ENST00000634844,ENSE00003787856,ATP7B
ENSG00000123191,ENST00000634308,ENSE00003786537,ATP7B
ENSG00000123191,ENST00000400366,ENSE00001542608,ATP7B
ENSG00000123191,ENST00000466629,ENSE00001859506,ATP7B
ENSG00000139618,ENST00000713677,ENSE00004020690,BRCA2
ENSG00000139618,ENST00000713677,ENSE00004020685,BRCA2
ENSG00000139618,ENST00000614259,ENSE00003744847,BRCA2
ENSG00000101596,ENST00000684915,ENSE00003935666,SMCHD1
ENSG00000142192,ENST00000464867,ENSE00001948125,APP
ENSG00000101266,ENST00000644448,ENSE00003825391,CSNK2A1
ENSG00000101266,ENST00000645334,ENSE00003821323,CSNK2A1
ENSG00000101266,ENST00000460062,ENSE00003830713,CSNK2A1
ENSG00000101266,ENST00000643968,ENSE00003827204,CSNK2A1
ENSG00000101266,ENST00000643602,ENSE00003819643,CSNK2A1
ENSG00000101266,ENST00000644177,ENSE00003558870,CSNK2A1
ENSG00000101266,ENST00000646443,ENSE00003822061,CSNK2A1
ENSG00000101266,ENST00000642160,ENSE00003705113,CSNK2A1
ENSG00000071859,ENST00000464419,ENSE00001957967,FAM50A
ENSG00000142173,ENST00000300527,ENSE00000952691,COL6A2
ENSG00000142173,ENST00000485591,ENSE00003511430,COL6A2
ENSG00000142173,ENST00000485591,ENSE00003507459,COL6A2
ENSG00000142173,ENST00000485591,ENSE00003569914,COL6A2
ENSG00000159216,ENST00000482318,ENSE00003488338,RUNX1
ENSG00000159216,ENST00000399240,ENSE00001537135,RUNX1
ENSG00000164190,ENST00000504430,ENSE00003604922,NIPBL
ENSG00000164190,ENST00000514335,ENSE00003521407,NIPBL
ENSG00000160202,ENST00000398133,ENSE00001531761,CRYAA
ENSG00000141385,ENST00000687477,ENSE00003936250,AFG3L2
ENSG00000181090,ENST00000637949,ENSE00003796698,EHMT1
ENSG00000181090,ENST00000494249,ENSE00001918465,EHMT1
ENSG00000181090,ENST00000637748,ENSE00003800882,EHMT1
ENSG00000181090,ENST00000635741,ENSE00003792678,EHMT1
ENSG00000164588,ENST00000673735,ENSE00003897702,HCN1
ENSG00000164588,ENST00000303230,ENSE00001317576,HCN1
ENSG00000164588,ENST00000637305,ENSE00003798225,HCN1
ENSG00000164588,ENST00000637305,ENSE00003795923,HCN1
ENSG00000164588,ENST00000634658,ENSE00003790877,HCN1
ENSG00000124813,ENST00000483377,ENSE00003676933,RUNX2
ENSG00000124813,ENST00000483377,ENSE00003677265,RUNX2
ENSG00000203485,ENST00000675207,ENSE00003903854,INF2
ENSG00000203485,ENST00000674822,ENSE00003903308,INF2
ENSG00000203485,ENST00000674857,ENSE00003903253,INF2
ENSG00000203485,ENST00000674960,ENSE00003900387,INF2
ENSG00000203485,ENST00000675029,ENSE00003900477,INF2
ENSG00000077498,ENST00000263321,ENSE00001153836,TYR
ENSG00000092295,ENST00000206765,ENSE00000654401,TGM1
ENSG00000092295,ENST00000559136,ENSE00002563841,TGM1
ENSG00000085224,ENST00000675732,ENSE00003900993,ATRX
ENSG00000085224,ENST00000480283,ENSE00003560102,ATRX
ENSG00000085224,ENST00000675908,ENSE00003903908,ATRX
ENSG00000085224,ENST00000624166,ENSE00003755894,ATRX
ENSG00000085224,ENST00000625063,ENSE00003757706,ATRX
ENSG00000151623,ENST00000511528,ENSE00002055689,NR3C2
ENSG00000196924,ENST00000420627,ENSE00001731840,FLNA
ENSG00000125398,ENST00000245479,ENSE00000855030,SOX9
ENSG00000125398,ENST00000245479,ENSE00003842779,SOX9
ENSG00000100888,ENST00000645206,ENSE00003817219,CHD8
ENSG00000100888,ENST00000555962,ENSE00003660482,CHD8
ENSG00000022355,ENST00000635916,ENSE00003795586,GABRA1
ENSG00000022355,ENST00000635916,ENSE00003891944,GABRA1
ENSG00000022355,ENST00000519542,ENSE00002100022,GABRA1
ENSG00000127955,ENST00000649214,ENSE00003831576,GNAI1
ENSG00000127955,ENST00000649922,ENSE00003838157,GNAI1
ENSG00000127955,ENST00000457358,ENSE00003587658,GNAI1
ENSG00000100299,ENST00000551731,ENSE00002394629,ARSA
ENSG00000148384,ENST00000635815,ENSE00003796019,INPP5E
ENSG00000100345,ENST00000456729,ENSE00001802693,MYH9
ENSG00000164904,ENST00000476328,ENSE00001813422,ALDH7A1
ENSG00000164904,ENST00000509459,ENSE00002073839,ALDH7A1
ENSG00000198807,ENST00000555639,ENSE00002513824,PAX9
ENSG00000113721,ENST00000261799,ENSE00003469927,PDGFRB
ENSG00000100485,ENST00000556469,ENSE00002494482,SOS2
ENSG00000138411,ENST00000647236,ENSE00003830655,HECW2
ENSG00000138411,ENST00000644030,ENSE00003818111,HECW2
ENSG00000138411,ENST00000498146,ENSE00003831152,HECW2
ENSG00000118482,ENST00000262043,ENSE00000757767,PHF3
ENSG00000100146,ENST00000446929,ENSE00001765670,SOX10
ENSG00000100146,ENST00000698177,ENSE00001205173,SOX10
ENSG00000100146,ENST00000396884,ENSE00003848621,SOX10
ENSG00000100146,ENST00000690831,ENSE00003926776,SOX10
ENSG00000100146,ENST00000652356,ENSE00003846426,SOX10
ENSG00000112294,ENST00000491546,ENSE00001944818,ALDH5A1
ENSG00000089225,ENST00000552726,ENSE00003664921,TBX5
ENSG00000132475,ENST00000587560,ENSE00002949366,H3-3B
ENSG00000132475,ENST00000589417,ENSE00002812531,H3-3B
ENSG00000184381,ENST00000496409,ENSE00001860070,PLA2G6
ENSG00000148400,ENST00000681454,ENSE00003913226,NOTCH1
ENSG00000197102,ENST00000643565,ENSE00003819761,DYNC1H1
ENSG00000197102,ENST00000647307,ENSE00003831225,DYNC1H1
ENSG00000197102,ENST00000643722,ENSE00003821903,DYNC1H1
ENSG00000099949,ENST00000497716,ENSE00001813266,LZTR1
ENSG00000149269,ENST00000528203,ENSE00003674392,PAK1
ENSG00000149269,ENST00000533468,ENSE00002182833,PAK1
ENSG00000149269,ENST00000533568,ENSE00003499531,PAK1
ENSG00000149269,ENST00000526910,ENSE00002147596,PAK1
ENSG00000070182,ENST00000542694,ENSE00002515904,SPTB
ENSG00000166006,ENST00000548243,ENSE00002336657,KCNC2
ENSG00000113327,ENST00000640574,ENSE00003810990,GABRG2
ENSG00000113327,ENST00000639424,ENSE00003802864,GABRG2
ENSG00000113327,ENST00000638782,ENSE00003809547,GABRG2
ENSG00000113327,ENST00000640739,ENSE00003808583,GABRG2
ENSG00000113327,ENST00000522053,ENSE00002093854,GABRG2
ENSG00000185883,ENST00000565223,ENSE00002590649,ATP6V0C
ENSG00000145864,ENST00000675746,ENSE00003900424,GABRB2
ENSG00000145864,ENST00000612710,ENSE00003737234,GABRB2
ENSG00000145191,ENST00000492226,ENSE00003835603,EIF2B5
ENSG00000145191,ENST00000648630,ENSE00001901717,EIF2B5
ENSG00000145191,ENST00000468748,ENSE00001851842,EIF2B5
ENSG00000159403,ENST00000602298,ENSE00001712632,C1R
ENSG00000159403,ENST00000648162,ENSE00003837406,C1R
ENSG00000087460,ENST00000313949,ENSE00001168769,GNAS
ENSG00000179364,ENST00000551692,ENSE00002380384,PACS2
ENSG00000087460,ENST00000453292,ENSE00003919689,GNAS
ENSG00000087460,ENST00000306090,ENSE00001595898,GNAS
ENSG00000087460,ENST00000371100,ENSE00003911728,GNAS
ENSG00000087460,ENST00000306120,ENSE00001168840,GNAS
ENSG00000087460,ENST00000371099,ENSE00003919716,GNAS
ENSG00000087460,ENST00000468895,ENSE00003922484,GNAS
ENSG00000087460,ENST00000682803,ENSE00001853360,GNAS
ENSG00000087460,ENST00000682803,ENSE00003917412,GNAS
ENSG00000087460,ENST00000683632,ENSE00003921369,GNAS
ENSG00000087460,ENST00000683632,ENSE00003919301,GNAS
ENSG00000087460,ENST00000475610,ENSE00001955479,GNAS
ENSG00000087460,ENST00000682986,ENSE00003922281,GNAS
ENSG00000087460,ENST00000682986,ENSE00003916924,GNAS
ENSG00000087460,ENST00000684644,ENSE00003917404,GNAS
ENSG00000087460,ENST00000682411,ENSE00003921299,GNAS
ENSG00000087460,ENST00000683932,ENSE00003920559,GNAS
ENSG00000087460,ENST00000682917,ENSE00003918096,GNAS
ENSG00000087460,ENST00000682680,ENSE00003919967,GNAS
ENSG00000087460,ENST00000476196,ENSE00001845716,GNAS
ENSG00000087460,ENST00000494081,ENSE00003880815,GNAS
ENSG00000087460,ENST00000493958,ENSE00001946001,GNAS
ENSG00000087460,ENST00000656419,ENSE00003861862,GNAS
ENSG00000107147,ENST00000631193,ENSE00003770259,KCNT1
ENSG00000107147,ENST00000675102,ENSE00003902786,KCNT1
ENSG00000107147,ENST00000675102,ENSE00003903583,KCNT1
ENSG00000151090,ENST00000280696,ENSE00000997545,THRB
ENSG00000151090,ENST00000413780,ENSE00003590750,THRB
ENSG00000151090,ENST00000428492,ENSE00001737791,THRB
ENSG00000151090,ENST00000418247,ENSE00001745990,THRB
ENSG00000125779,ENST00000316562,ENSE00001481494,PANK2
ENSG00000125779,ENST00000336066,ENSE00001948342,PANK2
ENSG00000111676,ENST00000537488,ENSE00002282986,ATN1
ENSG00000102104,ENST00000379984,ENSE00001346228,RS1
ENSG00000102104,ENST00000379984,ENSE00000666224,RS1
ENSG00000151834,ENST00000630416,ENSE00003771199,GABRA2
ENSG00000151834,ENST00000510233,ENSE00003643399,GABRA2
ENSG00000151834,ENST00000514236,ENSE00002083619,GABRA2
ENSG00000075043,ENST00000637632,ENSE00004020495,KCNQ2
ENSG00000075043,ENST00000637632,ENSE00004020490,KCNQ2
ENSG00000075043,ENST00000626839,ENSE00003774001,KCNQ2
ENSG00000075043,ENST00000629676,ENSE00003767201,KCNQ2
ENSG00000075043,ENST00000713605,ENSE00003707132,KCNQ2
ENSG00000075043,ENST00000637193,ENSE00003795677,KCNQ2
ENSG00000075043,ENST00000357249,ENSE00003716907,KCNQ2
ENSG00000075043,ENST00000360480,ENSE00001906306,KCNQ2
ENSG00000075043,ENST00000344462,ENSE00004020455,KCNQ2
ENSG00000075043,ENST00000629318,ENSE00003774638,KCNQ2
ENSG00000075043,ENST00000636873,ENSE00004020473,KCNQ2
ENSG00000075043,ENST00000637890,ENSE00003792700,KCNQ2
ENSG00000075043,ENST00000482957,ENSE00001812236,KCNQ2
ENSG00000075043,ENST00000344425,ENSE00001209872,KCNQ2
ENSG00000075043,ENST00000713606,ENSE00004020456,KCNQ2
ENSG00000075043,ENST00000713658,ENSE00004020593,KCNQ2
ENSG00000075043,ENST00000629498,ENSE00003763223,KCNQ2
ENSG00000075043,ENST00000629498,ENSE00003771528,KCNQ2
ENSG00000075043,ENST00000636858,ENSE00003798266,KCNQ2
ENSG00000075043,ENST00000626684,ENSE00003762883,KCNQ2
ENSG00000075043,ENST00000630274,ENSE00003770127,KCNQ2
ENSG00000112619,ENST00000230381,ENSE00000751440,PRPH2
ENSG00000112619,ENST00000230381,ENSE00001035135,PRPH2
ENSG00000181222,ENST00000674977,ENSE00003899062,POLR2A
ENSG00000181222,ENST00000617998,ENSE00003740422,POLR2A
ENSG00000106571,ENST00000464291,ENSE00001853445,GLI3
ENSG00000139219,ENST00000493991,ENSE00003686490,COL2A1
ENSG00000139219,ENST00000493991,ENSE00003607129,COL2A1
ENSG00000152137,ENST00000542496,ENSE00002261512,HSPB8
ENSG00000070814,ENST00000515516,ENSE00002034512,TCOF1
ENSG00000026103,ENST00000697035,ENSE00003969327,FAS
ENSG00000026103,ENST00000696743,ENSE00003969236,FAS
ENSG00000026103,ENST00000696770,ENSE00003968320,FAS
ENSG00000131828,ENST00000417819,ENSE00001482663,PDHA1
ENSG00000110799,ENST00000261405,ENSE00001749068,VWF
ENSG00000269335,ENST00000445622,ENSE00001692514,IKBKG
ENSG00000160211,ENST00000647501,ENSE00003819551,G6PD
ENSG00000135903,ENST00000646154,ENSE00003830322,PAX3
ENSG00000135903,ENST00000647467,ENSE00003818404,PAX3
ENSG00000163501,ENST00000295731,ENSE00001075357,IHH
ENSG00000163501,ENST00000295731,ENSE00001143366,IHH
ENSG00000123066,ENST00000649607,ENSE00003840752,MED13L
ENSG00000123066,ENST00000647927,ENSE00003839119,MED13L
ENSG00000139428,ENST00000541763,ENSE00002202468,MMAB
ENSG00000118762,ENST00000237596,ENSE00003579436,PKD2
ENSG00000118762,ENST00000506367,ENSE00003625455,PKD2
ENSG00000015285,ENST00000474174,ENSE00001936429,WAS
ENSG00000032444,ENST00000595352,ENSE00003207909,PNPLA6
ENSG00000068323,ENST00000315869,ENSE00003487180,TFE3
ENSG00000107485,ENST00000379328,ENSE00001751140,GATA3
ENSG00000107485,ENST00000346208,ENSE00001381352,GATA3
ENSG00000107485,ENST00000461472,ENSE00001833434,GATA3
ENSG00000152591,ENST00000651931,ENSE00001313251,DSPP
ENSG00000113163,ENST00000647512,ENSE00003824799,CERT1
ENSG00000130675,ENST00000474448,ENSE00003526167,MNX1
ENSG00000113163,ENST00000643380,ENSE00003823629,CERT1
ENSG00000113163,ENST00000643773,ENSE00003822846,CERT1
ENSG00000106633,ENST00000336642,ENSE00001741995,GCK
ENSG00000106633,ENST00000671824,ENSE00003892825,GCK
ENSG00000106462,ENST00000492143,ENSE00001937017,EZH2
ENSG00000106462,ENST00000684400,ENSE00003922375,EZH2
ENSG00000106462,ENST00000684436,ENSE00003916242,EZH2
ENSG00000149131,ENST00000405496,ENSE00001554422,SERPING1
ENSG00000149131,ENST00000457869,ENSE00001762310,SERPING1
ENSG00000149131,ENST00000457869,ENSE00000988933,SERPING1
ENSG00000149131,ENST00000378323,ENSE00001373758,SERPING1
ENSG00000149131,ENST00000378324,ENSE00003630675,SERPING1
ENSG00000149131,ENST00000403558,ENSE00001549195,SERPING1
ENSG00000149131,ENST00000676741,ENSE00003909138,SERPING1
ENSG00000094914,ENST00000548258,ENSE00002404986,AAAS
ENSG00000094914,ENST00000551724,ENSE00002421810,AAAS
ENSG00000047056,ENST00000704671,ENSE00003992109,WDR37
ENSG00000169344,ENST00000570331,ENSE00003576620,UMOD
ENSG00000169344,ENST00000574195,ENSE00002636151,UMOD
ENSG00000102030,ENST00000477750,ENSE00001842041,NAA10
ENSG00000102030,ENST00000466877,ENSE00001863858,NAA10
ENSG00000102030,ENST00000477882,ENSE00001809670,NAA10
ENSG00000156313,ENST00000642170,ENSE00003823851,RPGR
ENSG00000156313,ENST00000642170,ENSE00003830461,RPGR
ENSG00000156313,ENST00000494707,ENSE00003830281,RPGR
ENSG00000156313,ENST00000645032,ENSE00001477761,RPGR
ENSG00000156313,ENST00000494841,ENSE00001915046,RPGR
ENSG00000156313,ENST00000642373,ENSE00003826927,RPGR
ENSG00000156313,ENST00000470183,ENSE00001931843,RPGR
ENSG00000156313,ENST00000470183,ENSE00001869284,RPGR
ENSG00000111642,ENST00000647483,ENSE00003827001,CHD4
ENSG00000258947,ENST00000556536,ENSE00002491667,TUBB3
ENSG00000111642,ENST00000540960,ENSE00003818047,CHD4
ENSG00000111642,ENST00000646070,ENSE00003820250,CHD4
ENSG00000258947,ENST00000553967,ENSE00002447809,TUBB3
ENSG00000258947,ENST00000680647,ENSE00003915436,TUBB3
ENSG00000108821,ENST00000225964,ENSE00003684820,COL1A1
ENSG00000108821,ENST00000225964,ENSE00000819877,COL1A1
ENSG00000108821,ENST00000474644,ENSE00003592169,COL1A1
ENSG00000108821,ENST00000507689,ENSE00002046241,COL1A1
ENSG00000198947,ENST00000475732,ENSE00003921358,DMD
ENSG00000108823,ENST00000512526,ENSE00002045453,SGCA
ENSG00000188037,ENST00000432192,ENSE00003912307,CLCN1
ENSG00000157404,ENST00000512959,ENSE00002043186,KIT
ENSG00000163930,ENST00000460680,ENSE00001879355,BAP1
ENSG00000163930,ENST00000296288,ENSE00001893550,BAP1
ENSG00000163930,ENST00000483984,ENSE00001840863,BAP1
ENSG00000163930,ENST00000490917,ENSE00001126025,BAP1
ENSG00000086758,ENST00000474971,ENSE00001854675,HUWE1
ENSG00000135486,ENST00000676794,ENSE00003904662,HNRNPA1
ENSG00000135486,ENST00000678279,ENSE00003905084,HNRNPA1
ENSG00000135486,ENST00000679344,ENSE00003905922,HNRNPA1
ENSG00000135486,ENST00000678212,ENSE00003904639,HNRNPA1
ENSG00000135486,ENST00000678970,ENSE00003906662,HNRNPA1
ENSG00000135486,ENST00000551679,ENSE00002356700,HNRNPA1
ENSG00000135486,ENST00000677847,ENSE00003905720,HNRNPA1
ENSG00000136492,ENST00000682589,ENSE00003919213,BRIP1
ENSG00000120729,ENST00000239926,ENSE00001196180,MYOT
ENSG00000091262,ENST00000205557,ENSE00003629160,ABCC6
ENSG00000091262,ENST00000576204,ENSE00002655440,ABCC6
ENSG00000033011,ENST00000683433,ENSE00003916474,ALG1
ENSG00000033011,ENST00000682206,ENSE00003920426,ALG1
ENSG00000105464,ENST00000263269,ENSE00001131295,GRIN2D
ENSG00000152457,ENST00000378278,ENSE00003622044,DCLRE1C
ENSG00000152457,ENST00000378246,ENSE00001904401,DCLRE1C
ENSG00000152457,ENST00000378258,ENSE00001476881,DCLRE1C
ENSG00000152457,ENST00000697076,ENSE00003969434,DCLRE1C
ENSG00000152457,ENST00000489161,ENSE00003969423,DCLRE1C
ENSG00000152457,ENST00000697082,ENSE00003969421,DCLRE1C
ENSG00000152457,ENST00000697089,ENSE00003969459,DCLRE1C
ENSG00000152457,ENST00000418843,ENSE00003969456,DCLRE1C
ENSG00000152457,ENST00000697090,ENSE00003969431,DCLRE1C
ENSG00000152457,ENST00000697091,ENSE00003969410,DCLRE1C
ENSG00000175920,ENST00000340083,ENSE00001506478,DOK7
ENSG00000175920,ENST00000511267,ENSE00002026074,DOK7
ENSG00000175920,ENST00000507039,ENSE00002031236,DOK7
ENSG00000197283,ENST00000479510,ENSE00003468277,SYNGAP1
ENSG00000197283,ENST00000479510,ENSE00003461723,SYNGAP1
ENSG00000105877,ENST00000409508,ENSE00003697945,DNAH11
ENSG00000075891,ENST00000361791,ENSE00002450135,PAX2
ENSG00000075891,ENST00000483202,ENSE00002523975,PAX2
ENSG00000075891,ENST00000554172,ENSE00002433876,PAX2
ENSG00000100697,ENST00000527416,ENSE00002156924,DICER1
ENSG00000100697,ENST00000527554,ENSE00002141562,DICER1
ENSG00000131095,ENST00000638488,ENSE00003803658,GFAP
ENSG00000131095,ENST00000639042,ENSE00003804545,GFAP
ENSG00000131095,ENST00000586125,ENSE00003805405,GFAP
ENSG00000131095,ENST00000591880,ENSE00003806663,GFAP
ENSG00000131095,ENST00000639921,ENSE00003801676,GFAP
ENSG00000138622,ENST00000261917,ENSE00001714815,HCN4
ENSG00000138622,ENST00000261917,ENSE00000885626,HCN4
ENSG00000129682,ENST00000315930,ENSE00001124987,FGF13
ENSG00000102172,ENST00000478094,ENSE00003461012,SMS
ENSG00000102172,ENST00000457085,ENSE00001667048,SMS
ENSG00000080815,ENST00000697913,ENSE00003979379,PSEN1
ENSG00000124313,ENST00000640005,ENSE00003808418,IQSEC2
ENSG00000124313,ENST00000674761,ENSE00003901797,IQSEC2
ENSG00000124313,ENST00000674761,ENSE00003899419,IQSEC2
ENSG00000198836,ENST00000646277,ENSE00003820465,OPA1
ENSG00000197694,ENST00000636010,ENSE00003797351,SPTAN1
ENSG00000197694,ENST00000630763,ENSE00003774680,SPTAN1
ENSG00000100811,ENST00000262238,ENSE00001300652,YY1
ENSG00000100811,ENST00000262238,ENSE00001188710,YY1
ENSG00000100811,ENST00000554804,ENSE00002436397,YY1
ENSG00000100811,ENST00000651219,ENSE00003842270,YY1
ENSG00000100811,ENST00000704485,ENSE00003991730,YY1
ENSG00000100811,ENST00000704024,ENSE00003990604,YY1
ENSG00000100811,ENST00000623799,ENSE00003754928,YY1
ENSG00000100811,ENST00000554579,ENSE00002485759,YY1
ENSG00000198836,ENST00000495476,ENSE00001929200,OPA1
ENSG00000198836,ENST00000475899,ENSE00001889917,OPA1
ENSG00000073282,ENST00000460036,ENSE00003678146,TP63
ENSG00000165194,ENST00000373034,ENSE00001174648,PCDH19
ENSG00000165194,ENST00000255531,ENSE00001459382,PCDH19
ENSG00000127415,ENST00000504568,ENSE00002059526,IDUA
ENSG00000102393,ENST00000710365,ENSE00004011672,GLA
ENSG00000080503,ENST00000450198,ENSE00003790163,SMARCA2
ENSG00000102393,ENST00000649178,ENSE00003840523,GLA
ENSG00000102393,ENST00000675799,ENSE00001842880,GLA
ENSG00000080503,ENST00000704354,ENSE00004282746,SMARCA2
ENSG00000080503,ENST00000635030,ENSE00003788132,SMARCA2
ENSG00000080503,ENST00000634403,ENSE00001776828,SMARCA2
ENSG00000080503,ENST00000634271,ENSE00003785871,SMARCA2
ENSG00000080503,ENST00000634772,ENSE00003789655,SMARCA2
ENSG00000169083,ENST00000396043,ENSE00003900493,AR
ENSG00000169083,ENST00000396043,ENSE00003902890,AR
ENSG00000169083,ENST00000396043,ENSE00001464369,AR
ENSG00000169083,ENST00000374690,ENSE00001930911,AR
ENSG00000169083,ENST00000612452,ENSE00003745993,AR
ENSG00000169083,ENST00000513847,ENSE00003475785,AR
ENSG00000169083,ENST00000396044,ENSE00003857792,AR
ENSG00000169083,ENST00000396044,ENSE00002302113,AR
ENSG00000167371,ENST00000567551,ENSE00003797926,PRRT2
ENSG00000167371,ENST00000637565,ENSE00003800537,PRRT2
ENSG00000069667,ENST00000558234,ENSE00002573238,RORA
ENSG00000069667,ENST00000557822,ENSE00002543887,RORA
ENSG00000111961,ENST00000367467,ENSE00000765048,SASH1
ENSG00000111961,ENST00000635969,ENSE00003797956,SASH1
ENSG00000164692,ENST00000297268,ENSE00003478423,COL1A2
ENSG00000164692,ENST00000297268,ENSE00003515642,COL1A2
ENSG00000164692,ENST00000297268,ENSE00001348023,COL1A2
ENSG00000164692,ENST00000481570,ENSE00001817185,COL1A2
ENSG00000164692,ENST00000464916,ENSE00003614175,COL1A2
ENSG00000164692,ENST00000464916,ENSE00001925999,COL1A2
ENSG00000066468,ENST00000604236,ENSE00003551993,FGFR2
ENSG00000066468,ENST00000490349,ENSE00001869780,FGFR2
ENSG00000169057,ENST00000486506,ENSE00001864109,MECP2
ENSG00000169057,ENST00000369957,ENSE00001696145,MECP2
ENSG00000185811,ENST00000471793,ENSE00003600388,IKZF1
ENSG00000198286,ENST00000396946,ENSE00003974283,CARD11
ENSG00000198286,ENST00000356408,ENSE00001598839,CARD11
ENSG00000198513,ENST00000555266,ENSE00002499412,ATL1
ENSG00000079432,ENST00000684265,ENSE00003919718,CIC
ENSG00000001626,ENST00000699596,ENSE00003976974,CFTR
ENSG00000001626,ENST00000699597,ENSE00003977053,CFTR
ENSG00000116688,ENST00000675817,ENSE00003899921,MFN2
ENSG00000116688,ENST00000675298,ENSE00003899990,MFN2
ENSG00000116688,ENST00000675987,ENSE00003899589,MFN2
ENSG00000116688,ENST00000675374,ENSE00003902928,MFN2
ENSG00000116688,ENST00000675528,ENSE00003899537,MFN2
ENSG00000116688,ENST00000676295,ENSE00003899257,MFN2
ENSG00000215301,ENST00000645589,ENSE00003830261,DDX3X
ENSG00000215301,ENST00000642793,ENSE00003828893,DDX3X
ENSG00000215301,ENST00000642624,ENSE00003824589,DDX3X
ENSG00000215301,ENST00000542215,ENSE00003815690,DDX3X
ENSG00000215301,ENST00000642687,ENSE00003818288,DDX3X
ENSG00000215301,ENST00000642801,ENSE00003825254,DDX3X
ENSG00000215301,ENST00000643820,ENSE00003824510,DDX3X
ENSG00000215301,ENST00000646093,ENSE00003818061,DDX3X
ENSG00000215301,ENST00000611968,ENSE00003735567,DDX3X
ENSG00000158321,ENST00000443672,ENSE00003820535,AUTS2
ENSG00000158321,ENST00000647140,ENSE00003831023,AUTS2
ENSG00000158321,ENST00000481994,ENSE00003596844,AUTS2
ENSG00000158321,ENST00000644949,ENSE00003814409,AUTS2
ENSG00000168000,ENST00000682003,ENSE00003921253,BSCL2
ENSG00000065883,ENST00000647518,ENSE00003568082,CDK13
ENSG00000065883,ENST00000647453,ENSE00003824253,CDK13
ENSG00000065883,ENST00000647453,ENSE00003520262,CDK13
ENSG00000065883,ENST00000642213,ENSE00003828439,CDK13
ENSG00000065883,ENST00000642213,ENSE00003826183,CDK13
ENSG00000065883,ENST00000645470,ENSE00003816207,CDK13
ENSG00000065883,ENST00000642592,ENSE00003816935,CDK13
ENSG00000065883,ENST00000644221,ENSE00003830048,CDK13
ENSG00000065883,ENST00000644561,ENSE00003819081,CDK13
ENSG00000107779,ENST00000713670,ENSE00004020651,BMPR1A
ENSG00000126012,ENST00000375401,ENSE00001466943,KDM5C
ENSG00000126012,ENST00000404049,ENSE00001836857,KDM5C
ENSG00000126012,ENST00000687928,ENSE00003937503,KDM5C
ENSG00000126012,ENST00000685539,ENSE00003935298,KDM5C
ENSG00000171862,ENST00000472832,ENSE00001939988,PTEN
ENSG00000171862,ENST00000498703,ENSE00001893700,PTEN
ENSG00000171862,ENST00000700025,ENSE00003978588,PTEN
ENSG00000171862,ENST00000700026,ENSE00003978590,PTEN
ENSG00000165731,ENST00000683872,ENSE00003917679,RET
ENSG00000070808,ENST00000683506,ENSE00003916120,CAMK2A
ENSG00000176884,ENST00000675295,ENSE00003900523,GRIN1
ENSG00000176884,ENST00000460273,ENSE00001775900,GRIN1
ENSG00000055163,ENST00000520960,ENSE00002096655,CYFIP2
ENSG00000055163,ENST00000518555,ENSE00003581493,CYFIP2
ENSG00000055163,ENST00000520424,ENSE00002102960,CYFIP2
ENSG00000136238,ENST00000696666,ENSE00003968019,RAC1
ENSG00000277258,ENST00000618506,ENSE00003716723,PCGF2
ENSG00000114270,ENST00000487017,ENSE00003541804,COL7A1
ENSG00000102974,ENST00000401394,ENSE00003685484,CTCF
ENSG00000102974,ENST00000642943,ENSE00003821376,CTCF
ENSG00000102974,ENST00000642943,ENSE00003824919,CTCF
ENSG00000102974,ENST00000645409,ENSE00003819155,CTCF
ENSG00000102974,ENST00000646566,ENSE00003824080,CTCF
ENSG00000147862,ENST00000493697,ENSE00001910446,NFIB
ENSG00000157764,ENST00000644905,ENSE00003819317,BRAF
ENSG00000157764,ENST00000479537,ENSE00003819862,BRAF
ENSG00000157764,ENST00000646334,ENSE00003821094,BRAF
ENSG00000157764,ENST00000643356,ENSE00003829438,BRAF
ENSG00000196365,ENST00000591321,ENSE00002744653,LONP1
ENSG00000177301,ENST00000640774,ENSE00003808168,KCNA2
ENSG00000177301,ENST00000638477,ENSE00003805495,KCNA2
ENSG00000175745,ENST00000647447,ENSE00003824398,NR2F1
ENSG00000175745,ENST00000615873,ENSE00003714984,NR2F1
ENSG00000126934,ENST00000262948,ENSE00003475449,MAP2K2
ENSG00000126934,ENST00000262948,ENSE00003654028,MAP2K2
ENSG00000126934,ENST00000599345,ENSE00003589398,MAP2K2
ENSG00000132153,ENST00000395745,ENSE00003561641,DHX30
ENSG00000185920,ENST00000375290,ENSE00002405951,PTCH1
ENSG00000070019,ENST00000261170,ENSE00000722294,GUCY2C
ENSG00000167548,ENST00000685024,ENSE00003932557,KMT2D
ENSG00000167548,ENST00000685024,ENSE00003930945,KMT2D
ENSG00000167548,ENST00000683863,ENSE00003920995,KMT2D
ENSG00000167548,ENST00000691463,ENSE00003938012,KMT2D
ENSG00000167548,ENST00000692841,ENSE00003931838,KMT2D
ENSG00000167548,ENST00000692841,ENSE00003925826,KMT2D
ENSG00000167548,ENST00000683043,ENSE00003916401,KMT2D
ENSG00000167548,ENST00000689944,ENSE00003935586,KMT2D
ENSG00000131238,ENST00000641236,ENSE00003811765,PPT1
ENSG00000179295,ENST00000635652,ENSE00003785405,PTPN11
ENSG00000179295,ENST00000687120,ENSE00003924067,PTPN11
ENSG00000272333,ENST00000586308,ENSE00002213924,KMT2B
ENSG00000168280,ENST00000679018,ENSE00003904957,KIF5C
ENSG00000038382,ENST00000515144,ENSE00003565792,TRIO
ENSG00000038382,ENST00000515144,ENSE00003619340,TRIO
ENSG00000038382,ENST00000502490,ENSE00002086579,TRIO
ENSG00000165699,ENST00000645904,ENSE00003825575,TSC1
ENSG00000136928,ENST00000637410,ENSE00003799429,GABBR2
ENSG00000136928,ENST00000634354,ENSE00003785715,GABBR2
ENSG00000136928,ENST00000635462,ENSE00003784767,GABBR2
ENSG00000178445,ENST00000639639,ENSE00001899611,GLDC
ENSG00000178445,ENST00000463305,ENSE00003809260,GLDC
ENSG00000106348,ENST00000468842,ENSE00001903979,IMPDH1
ENSG00000105993,ENST00000453383,ENSE00001663093,DNAJB6
ENSG00000138829,ENST00000703783,ENSE00002052781,FBN2
ENSG00000138829,ENST00000703785,ENSE00003989887,FBN2
ENSG00000138829,ENST00000507835,ENSE00003989877,FBN2
ENSG00000104763,ENST00000518746,ENSE00002102113,ASAH1
ENSG00000080709,ENST00000507750,ENSE00003534801,KCNN2
ENSG00000146247,ENST00000700119,ENSE00003978906,PHIP
ENSG00000144218,ENST00000430789,ENSE00001647850,AFF3
ENSG00000144218,ENST00000498090,ENSE00001885964,AFF3
ENSG00000081189,ENST00000511086,ENSE00002026825,MEF2C
ENSG00000081189,ENST00000635898,ENSE00003793823,MEF2C
ENSG00000081189,ENST00000509373,ENSE00002043345,MEF2C
ENSG00000105976,ENST00000436117,ENSE00004014109,MET
ENSG00000150995,ENST00000467056,ENSE00001874895,ITPR1
ENSG00000150995,ENST00000477577,ENSE00003548100,ITPR1
ENSG00000055118,ENST00000684241,ENSE00003919097,KCNH2
ENSG00000055118,ENST00000473610,ENSE00001875160,KCNH2
ENSG00000055118,ENST00000683359,ENSE00003917466,KCNH2
ENSG00000150995,ENST00000650079,ENSE00003834731,ITPR1
ENSG00000150995,ENST00000649139,ENSE00001929326,ITPR1
ENSG00000136531,ENST00000637367,ENSE00003800540,SCN2A
ENSG00000136531,ENST00000636985,ENSE00003798965,SCN2A
ENSG00000136531,ENST00000636135,ENSE00003798379,SCN2A
ENSG00000136531,ENST00000638151,ENSE00003792238,SCN2A
ENSG00000136531,ENST00000636662,ENSE00003798628,SCN2A
ENSG00000136531,ENST00000480032,ENSE00001952525,SCN2A
ENSG00000138081,ENST00000403359,ENSE00001519522,FBXO11
ENSG00000008710,ENST00000566905,ENSE00002593544,PKD1
ENSG00000138081,ENST00000682484,ENSE00003922358,FBXO11
ENSG00000008710,ENST00000570193,ENSE00002586617,PKD1
ENSG00000008710,ENST00000469851,ENSE00001865714,PKD1
ENSG00000008710,ENST00000483814,ENSE00001881431,PKD1
ENSG00000106615,ENST00000262187,ENSE00003464369,RHEB
ENSG00000177990,ENST00000324472,ENSE00001784419,DPY19L2
ENSG00000120733,ENST00000314358,ENSE00003526737,KDM3B
ENSG00000068078,ENST00000260795,ENSE00003741759,FGFR3
ENSG00000205420,ENST00000549898,ENSE00002401911,KRT6A
ENSG00000186081,ENST00000549420,ENSE00002412542,KRT5
ENSG00000114861,ENST00000647741,ENSE00003834493,FOXP1
ENSG00000126522,ENST00000673350,ENSE00003895172,ASL
ENSG00000120251,ENST00000703753,ENSE00003989834,GRIA2
ENSG00000120251,ENST00000703759,ENSE00003989812,GRIA2
ENSG00000120251,ENST00000323661,ENSE00003480247,GRIA2
ENSG00000120251,ENST00000503980,ENSE00002038947,GRIA2
ENSG00000067182,ENST00000534885,ENSE00003603790,TNFRSF1A
ENSG00000067182,ENST00000366159,ENSE00003973350,TNFRSF1A
ENSG00000067182,ENST00000535958,ENSE00002271152,TNFRSF1A
ENSG00000067182,ENST00000536194,ENSE00002304303,TNFRSF1A
ENSG00000165671,ENST00000689549,ENSE00003923580,NSD1
ENSG00000165671,ENST00000689549,ENSE00003937839,NSD1
ENSG00000165671,ENST00000602285,ENSE00003400070,NSD1
ENSG00000165671,ENST00000687453,ENSE00003936588,NSD1
ENSG00000165671,ENST00000638627,ENSE00004014207,NSD1
ENSG00000165671,ENST00000692024,ENSE00003936682,NSD1
ENSG00000165671,ENST00000692024,ENSE00003925502,NSD1
ENSG00000165671,ENST00000692024,ENSE00003925601,NSD1
ENSG00000165671,ENST00000687095,ENSE00003923942,NSD1
ENSG00000165671,ENST00000513736,ENSE00002041477,NSD1
ENSG00000165671,ENST00000686385,ENSE00003933997,NSD1
ENSG00000204217,ENST00000374580,ENSE00001463885,BMPR2
ENSG00000204217,ENST00000479069,ENSE00003482012,BMPR2
ENSG00000120708,ENST00000508076,ENSE00003562022,TGFBI
ENSG00000177030,ENST00000683307,ENSE00002176029,DEAF1
ENSG00000177030,ENST00000529717,ENSE00002175271,DEAF1
ENSG00000134982,ENST00000502371,ENSE00003730803,APC
ENSG00000169032,ENST00000687191,ENSE00003924647,MAP2K1
ENSG00000172893,ENST00000684396,ENSE00003919809,DHCR7
ENSG00000172893,ENST00000683714,ENSE00003921000,DHCR7
ENSG00000172893,ENST00000682880,ENSE00003920406,DHCR7
ENSG00000135341,ENST00000700593,ENSE00003980256,MAP3K7
ENSG00000168453,ENST00000381418,ENSE00001813128,HR
ENSG00000168453,ENST00000522759,ENSE00001902215,HR
ENSG00000105409,ENST00000485672,ENSE00001829832,ATP1A3
ENSG00000105392,ENST00000221996,ENSE00000715918,CRX
ENSG00000105392,ENST00000221996,ENSE00001263348,CRX
ENSG00000105392,ENST00000613299,ENSE00003752033,CRX
ENSG00000087470,ENST00000703365,ENSE00003988779,DNM1L
ENSG00000087470,ENST00000703366,ENSE00003988663,DNM1L
ENSG00000235718,ENST00000619721,ENSE00003594772,MFRP
ENSG00000196876,ENST00000667214,ENSE00003875763,SCN8A
ENSG00000196876,ENST00000638820,ENSE00003805342,SCN8A
ENSG00000196876,ENST00000550891,ENSE00003766540,SCN8A
ENSG00000196876,ENST00000550891,ENSE00003770016,SCN8A
ENSG00000196876,ENST00000550891,ENSE00002329545,SCN8A
ENSG00000196876,ENST00000637709,ENSE00003794644,SCN8A
ENSG00000168137,ENST00000691659,ENSE00003933344,SETD5
ENSG00000168137,ENST00000399686,ENSE00001539707,SETD5
ENSG00000168137,ENST00000497213,ENSE00003502859,SETD5
ENSG00000168137,ENST00000413704,ENSE00003483099,SETD5
ENSG00000196876,ENST00000636945,ENSE00003791800,SCN8A
ENSG00000196876,ENST00000636945,ENSE00003793646,SCN8A
ENSG00000196876,ENST00000636945,ENSE00003797682,SCN8A
ENSG00000196876,ENST00000627665,ENSE00003764414,SCN8A
ENSG00000134532,ENST00000367206,ENSE00003589058,SOX5
ENSG00000134532,ENST00000367206,ENSE00002300020,SOX5
ENSG00000170004,ENST00000682063,ENSE00003917434,CHD3
ENSG00000170004,ENST00000682063,ENSE00003916659,CHD3
ENSG00000186487,ENST00000650081,ENSE00003836197,MYT1L
ENSG00000186487,ENST00000650081,ENSE00003840964,MYT1L
ENSG00000186487,ENST00000485547,ENSE00001929052,MYT1L
ENSG00000105613,ENST00000251472,ENSE00001741199,MAST1
ENSG00000105613,ENST00000589040,ENSE00002834266,MAST1
ENSG00000174231,ENST00000703541,ENSE00003989252,PRPF8
ENSG00000174231,ENST00000572723,ENSE00002681899,PRPF8
ENSG00000115904,ENST00000472480,ENSE00003929655,SOS1
ENSG00000115904,ENST00000688189,ENSE00003936068,SOS1
ENSG00000164953,ENST00000682744,ENSE00003921108,TMEM67
ENSG00000007372,ENST00000606377,ENSE00003805250,PAX6
ENSG00000007372,ENST00000379109,ENSE00003809562,PAX6
ENSG00000007372,ENST00000379129,ENSE00003807235,PAX6
ENSG00000007372,ENST00000638685,ENSE00003806400,PAX6
ENSG00000007372,ENST00000379107,ENSE00002170607,PAX6
ENSG00000007372,ENST00000638963,ENSE00003803470,PAX6
ENSG00000007372,ENST00000638965,ENSE00001822613,PAX6
ENSG00000007372,ENST00000241001,ENSE00002201673,PAX6
ENSG00000007372,ENST00000474783,ENSE00001920965,PAX6
ENSG00000007372,ENST00000638629,ENSE00001819707,PAX6
ENSG00000007372,ENST00000470027,ENSE00003810943,PAX6
ENSG00000007372,ENST00000640287,ENSE00003702433,PAX6
ENSG00000007372,ENST00000533333,ENSE00002175000,PAX6
ENSG00000007372,ENST00000640613,ENSE00002145051,PAX6
ENSG00000007372,ENST00000423822,ENSE00003809485,PAX6
ENSG00000007372,ENST00000494377,ENSE00002150960,PAX6
ENSG00000007372,ENST00000640872,ENSE00003803770,PAX6
ENSG00000007372,ENST00000639394,ENSE00003808169,PAX6
ENSG00000007372,ENST00000640735,ENSE00003809193,PAX6
ENSG00000007372,ENST00000639109,ENSE00003805043,PAX6
ENSG00000007372,ENST00000638853,ENSE00003808520,PAX6
ENSG00000007372,ENST00000638762,ENSE00003807339,PAX6
ENSG00000007372,ENST00000639079,ENSE00003802022,PAX6
ENSG00000007372,ENST00000530714,ENSE00003801848,PAX6
ENSG00000007372,ENST00000534353,ENSE00002186077,PAX6
ENSG00000007372,ENST00000533156,ENSE00002146291,PAX6
ENSG00000007372,ENST00000639920,ENSE00002141603,PAX6
ENSG00000007372,ENST00000534390,ENSE00001903809,PAX6
ENSG00000186868,ENST00000703982,ENSE00003990497,MAPT
ENSG00000036828,ENST00000638296,ENSE00001839573,CASR
ENSG00000087258,ENST00000714052,ENSE00003519494,GNAO1
ENSG00000049618,ENST00000346085,ENSE00003783488,ARID1B
ENSG00000049618,ENST00000636930,ENSE00003898582,ARID1B
ENSG00000049618,ENST00000674298,ENSE00003898681,ARID1B
ENSG00000087258,ENST00000262494,ENSE00001327808,GNAO1
ENSG00000087258,ENST00000569295,ENSE00002629963,GNAO1
ENSG00000087258,ENST00000639966,ENSE00003611811,GNAO1
ENSG00000087258,ENST00000640893,ENSE00003804348,GNAO1
ENSG00000087258,ENST00000565363,ENSE00002608901,GNAO1
ENSG00000087258,ENST00000638836,ENSE00003803698,GNAO1
ENSG00000087258,ENST00000639251,ENSE00003809159,GNAO1
ENSG00000087258,ENST00000639268,ENSE00003807154,GNAO1
ENSG00000087258,ENST00000640560,ENSE00003811073,GNAO1
ENSG00000182197,ENST00000684189,ENSE00003917764,EXT1
ENSG00000087258,ENST00000639787,ENSE00003810354,GNAO1
ENSG00000087258,ENST00000564798,ENSE00002582223,GNAO1
ENSG00000063244,ENST00000588850,ENSE00002826846,U2AF2
ENSG00000063244,ENST00000587196,ENSE00003689631,U2AF2
ENSG00000087266,ENST00000714405,ENSE00004023890,SH3BP2
ENSG00000169554,ENST00000636471,ENSE00003797158,ZEB2
ENSG00000169554,ENST00000636026,ENSE00003792232,ZEB2
ENSG00000135100,ENST00000257555,ENSE00003675631,HNF1A
ENSG00000135100,ENST00000402929,ENSE00003592411,HNF1A
ENSG00000135100,ENST00000402929,ENSE00003749788,HNF1A
ENSG00000135100,ENST00000402929,ENSE00001557240,HNF1A
ENSG00000135100,ENST00000538626,ENSE00003737445,HNF1A
ENSG00000135100,ENST00000544574,ENSE00003734099,HNF1A
ENSG00000135100,ENST00000540108,ENSE00003509687,HNF1A
ENSG00000135100,ENST00000541395,ENSE00002281564,HNF1A
ENSG00000135100,ENST00000544413,ENSE00002291770,HNF1A
ENSG00000130816,ENST00000586799,ENSE00002853940,DNMT1
ENSG00000103197,ENST00000497886,ENSE00001925370,TSC2
ENSG00000103197,ENST00000561695,ENSE00002620208,TSC2
ENSG00000103197,ENST00000569110,ENSE00003815292,TSC2
ENSG00000103197,ENST00000646557,ENSE00003819515,TSC2
ENSG00000151067,ENST00000672806,ENSE00003571437,CACNA1C
ENSG00000133703,ENST00000256078,ENSE00001189807,KRAS
ENSG00000089280,ENST00000380244,ENSE00003606339,FUS
ENSG00000089280,ENST00000568685,ENSE00001922809,FUS
ENSG00000089280,ENST00000483853,ENSE00001821991,FUS
ENSG00000173821,ENST00000558116,ENSE00003529999,RNF213
ENSG00000173821,ENST00000558116,ENSE00003656527,RNF213
ENSG00000171634,ENST00000578307,ENSE00003585085,BPTF
ENSG00000167522,ENST00000330736,ENSE00003471153,ANKRD11
ENSG00000167522,ENST00000645666,ENSE00003826875,ANKRD11
ENSG00000140326,ENST00000643434,ENSE00003816249,CDAN1
ENSG00000166311,ENST00000533196,ENSE00002171516,SMPD1
ENSG00000166311,ENST00000534405,ENSE00002171226,SMPD1
ENSG00000166311,ENST00000342245,ENSE00002184545,SMPD1
ENSG00000166311,ENST00000527275,ENSE00002194493,SMPD1
ENSG00000166311,ENST00000533123,ENSE00002190709,SMPD1
ENSG00000166311,ENST00000531303,ENSE00002174873,SMPD1
ENSG00000139567,ENST00000713618,ENSE00004020483,ACVRL1
ENSG00000183454,ENST00000463531,ENSE00001862908,GRIN2A
ENSG00000183454,ENST00000675189,ENSE00003901559,GRIN2A
ENSG00000273079,ENST00000637214,ENSE00003798565,GRIN2B
ENSG00000273079,ENST00000714048,ENSE00000993718,GRIN2B
ENSG00000273079,ENST00000714048,ENSE00003963149,GRIN2B
ENSG00000273079,ENST00000714048,ENSE00003709762,GRIN2B
ENSG00000273079,ENST00000628166,ENSE00003764627,GRIN2B
ENSG00000273079,ENST00000628166,ENSE00003769706,GRIN2B
ENSG00000273079,ENST00000628166,ENSE00003771857,GRIN2B
ENSG00000273079,ENST00000628166,ENSE00003775213,GRIN2B
ENSG00000166888,ENST00000555375,ENSE00001533101,STAT6
ENSG00000167552,ENST00000546918,ENSE00002348418,TUBA1A
ENSG00000167552,ENST00000550254,ENSE00002357993,TUBA1A
ENSG00000196712,ENST00000693210,ENSE00003936354,NF1
ENSG00000196712,ENST00000577967,ENSE00002705870,NF1
ENSG00000157103,ENST00000646035,ENSE00003824489,SLC6A1
ENSG00000157103,ENST00000462473,ENSE00003816360,SLC6A1
ENSG00000157103,ENST00000643326,ENSE00003820484,SLC6A1
ENSG00000157103,ENST00000645598,ENSE00003814870,SLC6A1
ENSG00000157103,ENST00000645985,ENSE00003826632,SLC6A1
ENSG00000134138,ENST00000560702,ENSE00002561603,MEIS2
ENSG00000134138,ENST00000314177,ENSE00003485732,MEIS2
ENSG00000134138,ENST00000558643,ENSE00002542916,MEIS2
ENSG00000173575,ENST00000628118,ENSE00003770198,CHD2
ENSG00000166206,ENST00000554556,ENSE00003598720,GABRB3
ENSG00000166206,ENST00000554556,ENSE00002439631,GABRB3
ENSG00000166206,ENST00000557765,ENSE00002511915,GABRB3
ENSG00000140521,ENST00000637238,ENSE00003796387,POLG
ENSG00000140521,ENST00000528881,ENSE00002201004,POLG
ENSG00000167323,ENST00000698917,ENSE00003975148,STIM1
ENSG00000091483,ENST00000684161,ENSE00003920221,FH
ENSG00000091483,ENST00000684483,ENSE00003919707,FH
ENSG00000091483,ENST00000682567,ENSE00003919040,FH
ENSG00000110395,ENST00000700472,ENSE00003979906,CBL
ENSG00000133884,ENST00000524666,ENSE00002159943,DPF2
ENSG00000092529,ENST00000638141,ENSE00003791946,CAPN3
ENSG00000092529,ENST00000673705,ENSE00003896713,CAPN3
ENSG00000132155,ENST00000687505,ENSE00001666451,RAF1
ENSG00000171298,ENST00000714061,ENSE00004022676,GAA
ENSG00000182568,ENST00000700181,ENSE00004282472,SATB1
ENSG00000143933,ENST00000409563,ENSE00001585662,CALM2
ENSG00000141510,ENST00000509690,ENSE00003656695,TP53
ENSG00000141510,ENST00000714358,ENSE00004023721,TP53
ENSG00000140416,ENST00000561395,ENSE00002559184,TPM1
ENSG00000140416,ENST00000644204,ENSE00003819092,TPM1
ENSG00000140416,ENST00000558544,ENSE00003657595,TPM1
ENSG00000079805,ENST00000682524,ENSE00003918527,DNM2
ENSG00000140416,ENST00000558400,ENSE00002563425,TPM1
ENSG00000166147,ENST00000316623,ENSE00003666049,FBN1
ENSG00000166147,ENST00000316623,ENSE00002265829,FBN1
ENSG00000166147,ENST00000559133,ENSE00002541762,FBN1
ENSG00000166147,ENST00000682158,ENSE00003921118,FBN1
ENSG00000166147,ENST00000674301,ENSE00003898918,FBN1
ENSG00000166147,ENST00000561429,ENSE00002554133,FBN1
ENSG00000166147,ENST00000560355,ENSE00002568997,FBN1
ENSG00000166147,ENST00000558230,ENSE00002556454,FBN1
ENSG00000115415,ENST00000698147,ENSE00003972849,STAT1
ENSG00000168610,ENST00000462269,ENSE00001878168,STAT3
ENSG00000166949,ENST00000680689,ENSE00003914196,SMAD3
ENSG00000012048,ENST00000497488,ENSE00003786858,BRCA1
ENSG00000127616,ENST00000585799,ENSE00002755975,SMARCA4
ENSG00000127616,ENST00000642508,ENSE00003820795,SMARCA4
ENSG00000012048,ENST00000476777,ENSE00004011557,BRCA1
ENSG00000012048,ENST00000700081,ENSE00003513816,BRCA1
ENSG00000012048,ENST00000713676,ENSE00004020664,BRCA1
ENSG00000012048,ENST00000468300,ENSE00003598175,BRCA1
ENSG00000012048,ENST00000468300,ENSE00001831829,BRCA1
ENSG00000012048,ENST00000700082,ENSE00003978787,BRCA1
ENSG00000012048,ENST00000700082,ENSE00003978789,BRCA1
ENSG00000012048,ENST00000644379,ENSE00003823658,BRCA1
ENSG00000012048,ENST00000484087,ENSE00003979060,BRCA1
ENSG00000012048,ENST00000493795,ENSE00001937547,BRCA1
ENSG00000012048,ENST00000461221,ENSE00003579170,BRCA1
ENSG00000012048,ENST00000461221,ENSE00003575366,BRCA1
ENSG00000012048,ENST00000461221,ENSE00003683848,BRCA1
ENSG00000012048,ENST00000461221,ENSE00003978786,BRCA1
ENSG00000012048,ENST00000461221,ENSE00003978790,BRCA1
ENSG00000012048,ENST00000491747,ENSE00003487914,BRCA1
ENSG00000012048,ENST00000354071,ENSE00001847936,BRCA1
ENSG00000012048,ENST00000700183,ENSE00003979067,BRCA1
ENSG00000012048,ENST00000492859,ENSE00003790176,BRCA1
ENSG00000012048,ENST00000700184,ENSE00003979061,BRCA1
ENSG00000068615,ENST00000691093,ENSE00003923006,REEP1
ENSG00000068615,ENST00000473407,ENSE00003701689,REEP1
ENSG00000181722,ENST00000704361,ENSE00003991502,ZBTB20
ENSG00000181722,ENST00000479879,ENSE00001906107,ZBTB20
ENSG00000181722,ENST00000704360,ENSE00003991498,ZBTB20
ENSG00000141837,ENST00000638009,ENSE00003896532,CACNA1A
ENSG00000141837,ENST00000637769,ENSE00003792274,CACNA1A
ENSG00000141837,ENST00000635895,ENSE00003797715,CACNA1A
ENSG00000141837,ENST00000636768,ENSE00004021289,CACNA1A
ENSG00000141837,ENST00000587525,ENSE00002941416,CACNA1A
ENSG00000141837,ENST00000637736,ENSE00003799280,CACNA1A
ENSG00000141837,ENST00000636389,ENSE00003798151,CACNA1A
ENSG00000141837,ENST00000585802,ENSE00003800238,CACNA1A
ENSG00000141837,ENST00000637432,ENSE00004021316,CACNA1A
ENSG00000141837,ENST00000638029,ENSE00003791758,CACNA1A
ENSG00000141837,ENST00000573710,ENSE00002650913,CACNA1A
ENSG00000141837,ENST00000637832,ENSE00003799408,CACNA1A
ENSG00000141837,ENST00000635742,ENSE00003799883,CACNA1A
ENSG00000141837,ENST00000635742,ENSE00003797771,CACNA1A
ENSG00000141837,ENST00000637809,ENSE00003797917,CACNA1A
ENSG00000141837,ENST00000593267,ENSE00002752813,CACNA1A
ENSG00000141837,ENST00000637692,ENSE00003795205,CACNA1A
ENSG00000141837,ENST00000636816,ENSE00003799707,CACNA1A
ENSG00000141837,ENST00000637168,ENSE00003800016,CACNA1A
ENSG00000141837,ENST00000636984,ENSE00003797371,CACNA1A
ENSG00000141837,ENST00000590205,ENSE00003792703,CACNA1A
ENSG00000141837,ENST00000636974,ENSE00003796225,CACNA1A
ENSG00000141837,ENST00000636966,ENSE00003798066,CACNA1A
ENSG00000141837,ENST00000637952,ENSE00003793744,CACNA1A
ENSG00000141837,ENST00000637616,ENSE00003792491,CACNA1A
ENSG00000121075,ENST00000593249,ENSE00003619598,TBX4
ENSG00000121075,ENST00000590174,ENSE00002833355,TBX4
ENSG00000196218,ENST00000692547,ENSE00003929854,RYR1
ENSG00000130164,ENST00000559340,ENSE00003538428,LDLR
ENSG00000130164,ENST00000559340,ENSE00002549195,LDLR
ENSG00000130164,ENST00000559340,ENSE00004011971,LDLR
ENSG00000130164,ENST00000559340,ENSE00004011959,LDLR
ENSG00000130164,ENST00000557933,ENSE00002548354,LDLR
ENSG00000130164,ENST00000557958,ENSE00002545919,LDLR
ENSG00000130164,ENST00000455727,ENSE00002261040,LDLR
ENSG00000130164,ENST00000535915,ENSE00002236927,LDLR
ENSG00000130164,ENST00000545707,ENSE00002291707,LDLR
ENSG00000130164,ENST00000558518,ENSE00002553919,LDLR
ENSG00000130164,ENST00000713991,ENSE00004022083,LDLR
ENSG00000130164,ENST00000558013,ENSE00002537002,LDLR
ENSG00000130164,ENST00000252444,ENSE00002564945,LDLR
ENSG00000130164,ENST00000558528,ENSE00002567083,LDLR
ENSG00000130164,ENST00000560173,ENSE00003541001,LDLR
ENSG00000130164,ENST00000560173,ENSE00002572374,LDLR
ENSG00000116044,ENST00000699328,ENSE00003976276,NFE2L2
ENSG00000116044,ENST00000699329,ENSE00003976280,NFE2L2
ENSG00000116044,ENST00000699433,ENSE00003976558,NFE2L2
ENSG00000116044,ENST00000699299,ENSE00003976211,NFE2L2
ENSG00000129991,ENST00000586858,ENSE00002821271,TNNI3
ENSG00000171316,ENST00000525508,ENSE00002150642,CHD7
ENSG00000153234,ENST00000700230,ENSE00003979218,NR4A2
ENSG00000153234,ENST00000406048,ENSE00003979229,NR4A2
ENSG00000198691,ENST00000649773,ENSE00003831467,ABCA4
ENSG00000118046,ENST00000585465,ENSE00002829988,STK11
ENSG00000118046,ENST00000714322,ENSE00004023553,STK11
ENSG00000118046,ENST00000586358,ENSE00002942431,STK11
ENSG00000118046,ENST00000591133,ENSE00002753065,STK11
ENSG00000077782,ENST00000683765,ENSE00003919385,FGFR1
ENSG00000077782,ENST00000682398,ENSE00003917881,FGFR1
ENSG00000077782,ENST00000470826,ENSE00001828369,FGFR1
ENSG00000077782,ENST00000683276,ENSE00003921193,FGFR1
ENSG00000077782,ENST00000683795,ENSE00003920694,FGFR1
ENSG00000077782,ENST00000496296,ENSE00001862079,FGFR1
ENSG00000077782,ENST00000682770,ENSE00003916905,FGFR1
ENSG00000077782,ENST00000527203,ENSE00002170538,FGFR1
ENSG00000077782,ENST00000533668,ENSE00002159623,FGFR1
ENSG00000077782,ENST00000525001,ENSE00002164739,FGFR1
ENSG00000137203,ENST00000461628,ENSE00001851244,TFAP2A
ENSG00000184156,ENST00000519589,ENSE00003621322,KCNQ3
ENSG00000184156,ENST00000639358,ENSE00003806526,KCNQ3
ENSG00000117013,ENST00000506017,ENSE00003677491,KCNQ4
ENSG00000117013,ENST00000506017,ENSE00003472039,KCNQ4
ENSG00000125618,ENST00000467778,ENSE00003561996,PAX8
ENSG00000144191,ENST00000409937,ENSE00003896344,CNGA3
ENSG00000144191,ENST00000393503,ENSE00001827438,CNGA3
ENSG00000133895,ENST00000377321,ENSE00001473542,MEN1
ENSG00000133895,ENST00000671939,ENSE00003895360,MEN1
ENSG00000133895,ENST00000671965,ENSE00003892154,MEN1
ENSG00000174775,ENST00000482021,ENSE00001868274,HRAS
ENSG00000179348,ENST00000696466,ENSE00001383254,GATA2
ENSG00000179348,ENST00000489987,ENSE00001949052,GATA2
ENSG00000179348,ENST00000430265,ENSE00001744437,GATA2
ENSG00000175445,ENST00000650287,ENSE00001206552,LPL
ENSG00000053918,ENST00000713724,ENSE00004020980,KCNQ1
ENSG00000053918,ENST00000713724,ENSE00004020984,KCNQ1
ENSG00000053918,ENST00000713724,ENSE00004020989,KCNQ1
ENSG00000053918,ENST00000713724,ENSE00003897095,KCNQ1
ENSG00000053918,ENST00000155840,ENSE00004020990,KCNQ1
ENSG00000053918,ENST00000526095,ENSE00001954343,KCNQ1
ENSG00000149311,ENST00000684447,ENSE00003922119,ATM
ENSG00000204370,ENST00000526592,ENSE00002155365,SDHD
ENSG00000110367,ENST00000529162,ENSE00003563747,DDX6
ENSG00000187098,ENST00000689390,ENSE00003928888,MITF
ENSG00000187098,ENST00000478490,ENSE00003675253,MITF
ENSG00000091536,ENST00000647165,ENSE00002311321,MYO15A
ENSG00000091536,ENST00000583079,ENSE00002725750,MYO15A
ENSG00000127603,ENST00000687997,ENSE00003935627,MACF1
ENSG00000127603,ENST00000497964,ENSE00001946076,MACF1
ENSG00000127603,ENST00000686657,ENSE00003928054,MACF1
ENSG00000127603,ENST00000687885,ENSE00003923086,MACF1
ENSG00000127603,ENST00000496360,ENSE00001955262,MACF1
ENSG00000127603,ENST00000497807,ENSE00001936583,MACF1
ENSG00000073584,ENST00000583294,ENSE00002696244,SMARCE1
ENSG00000073584,ENST00000647347,ENSE00003815253,SMARCE1
ENSG00000073584,ENST00000481231,ENSE00003816296,SMARCE1
ENSG00000006071,ENST00000644772,ENSE00003819274,ABCC8
ENSG00000006071,ENST00000646592,ENSE00003816659,ABCC8
ENSG00000006071,ENST00000529967,ENSE00003919859,ABCC8
ENSG00000006071,ENST00000682140,ENSE00002180515,ABCC8
ENSG00000006071,ENST00000682442,ENSE00002184630,ABCC8
ENSG00000006071,ENST00000644057,ENSE00003918181,ABCC8
ENSG00000006071,ENST00000526168,ENSE00002180857,ABCC8
ENSG00000006071,ENST00000525022,ENSE00002192093,ABCC8
ENSG00000006071,ENST00000644542,ENSE00003817955,ABCC8
ENSG00000076242,ENST00000673713,ENSE00003731136,MLH1
ENSG00000076242,ENST00000458009,ENSE00003562790,MLH1
ENSG00000076242,ENST00000442249,ENSE00003897830,MLH1
ENSG00000076242,ENST00000413212,ENSE00003635075,MLH1
ENSG00000116062,ENST00000652107,ENSE00003847463,MSH6
ENSG00000163513,ENST00000714392,ENSE00004023791,TGFBR2
ENSG00000163513,ENST00000673250,ENSE00003892416,TGFBR2
ENSG00000163513,ENST00000672866,ENSE00003890282,TGFBR2
ENSG00000163513,ENST00000673203,ENSE00003892927,TGFBR2
ENSG00000167244,ENST00000434045,ENSE00003625034,IGF2
ENSG00000167995,ENST00000534553,ENSE00003692583,BEST1
ENSG00000167995,ENST00000378043,ENSE00003663965,BEST1
ENSG00000167995,ENST00000529265,ENSE00003573083,BEST1
ENSG00000167995,ENST00000533521,ENSE00003553106,BEST1
ENSG00000167995,ENST00000524877,ENSE00002173903,BEST1
ENSG00000167995,ENST00000524877,ENSE00002166876,BEST1
ENSG00000167995,ENST00000524926,ENSE00003680999,BEST1
ENSG00000167995,ENST00000449131,ENSE00003655051,BEST1
ENSG00000167995,ENST00000449131,ENSE00002154582,BEST1
ENSG00000167995,ENST00000526988,ENSE00002155944,BEST1
ENSG00000095002,ENST00000644092,ENSE00003824769,MSH2
ENSG00000130294,ENST00000650430,ENSE00003840655,KIF1A
ENSG00000130294,ENST00000650542,ENSE00003836543,KIF1A
ENSG00000153936,ENST00000693745,ENSE00003926762,HS2ST1
ENSG00000021574,ENST00000713715,ENSE00001863965,SPAST
ENSG00000021574,ENST00000713716,ENSE00004020848,SPAST
ENSG00000021574,ENST00000646571,ENSE00001144419,SPAST
ENSG00000021574,ENST00000704289,ENSE00003991248,SPAST
ENSG00000021574,ENST00000621856,ENSE00004020845,SPAST
ENSG00000021574,ENST00000642455,ENSE00003828706,SPAST
ENSG00000021574,ENST00000643327,ENSE00003828874,SPAST
ENSG00000021574,ENST00000713719,ENSE00003730554,SPAST
ENSG00000021574,ENST00000645159,ENSE00003823726,SPAST
ENSG00000021574,ENST00000645550,ENSE00003817302,SPAST
ENSG00000021574,ENST00000645550,ENSE00003823844,SPAST
ENSG00000144285,ENST00000641575,ENSE00003813902,SCN1A
ENSG00000144285,ENST00000640036,ENSE00003810818,SCN1A
ENSG00000144285,ENST00000689288,ENSE00003930456,SCN1A
ENSG00000144285,ENST00000671940,ENSE00003894818,SCN1A
ENSG00000144285,ENST00000671940,ENSE00003891981,SCN1A
ENSG00000144285,ENST00000637038,ENSE00003797157,SCN1A
ENSG00000144285,ENST00000409050,ENSE00001577491,SCN1A
ENSG00000144285,ENST00000491429,ENSE00001925663,SCN1A
ENSG00000144285,ENST00000714447,ENSE00004024018,SCN1A
ENSG00000134086,ENST00000713812,ENSE00004021411,VHL
ENSG00000117595,ENST00000542854,ENSE00003516334,IRF6
ENSG00000170266,ENST00000450835,ENSE00003659036,GLB1
ENSG00000170266,ENST00000436768,ENSE00003669542,GLB1
ENSG00000000971,ENST00000470918,ENSE00003965695,CFH
ENSG00000000971,ENST00000695990,ENSE00003965691,CFH
ENSG00000184937,ENST00000379077,ENSE00001888205,WT1
ENSG00000184937,ENST00000332351,ENSE00001906049,WT1
ENSG00000184937,ENST00000651533,ENSE00003850313,WT1
ENSG00000184937,ENST00000650745,ENSE00003847376,WT1
ENSG00000184937,ENST00000651459,ENSE00003841772,WT1
ENSG00000184937,ENST00000448076,ENSE00002242840,WT1
ENSG00000117394,ENST00000625233,ENSE00001457958,SLC2A1
ENSG00000092847,ENST00000635259,ENSE00003789507,AGO1
ENSG00000185630,ENST00000558837,ENSE00002567841,PBX1
ENSG00000117682,ENST00000487944,ENSE00001843824,DHDDS
ENSG00000143473,ENST00000639754,ENSE00003803144,KCNH1
ENSG00000143473,ENST00000640890,ENSE00003801206,KCNH1
ENSG00000143473,ENST00000639385,ENSE00003809378,KCNH1
ENSG00000157933,ENST00000378536,ENSE00001477855,SKI
ENSG00000143549,ENST00000505010,ENSE00001774775,TPM3
ENSG00000070831,ENST00000652582,ENSE00003846732,CDC42
ENSG00000060718,ENST00000635193,ENSE00003788304,COL11A1
ENSG00000198216,ENST00000700189,ENSE00003979078,CACNA1E
ENSG00000171735,ENST00000700414,ENSE00001317856,CAMTA1
ENSG00000065135,ENST00000369851,ENSE00001781395,GNAI3
ENSG00000117713,ENST00000457599,ENSE00001349782,ARID1A
ENSG00000117713,ENST00000324856,ENSE00001907429,ARID1A
ENSG00000117713,ENST00000430291,ENSE00001698973,ARID1A
ENSG00000160789,ENST00000675989,ENSE00001885328,LMNA
ENSG00000160789,ENST00000675667,ENSE00003899065,LMNA
ENSG00000160789,ENST00000676434,ENSE00003898997,LMNA
ENSG00000160789,ENST00000684195,ENSE00003919885,LMNA
ENSG00000160789,ENST00000478063,ENSE00002065374,LMNA
ENSG00000160789,ENST00000470199,ENSE00001852209,LMNA
ENSG00000160789,ENST00000675455,ENSE00003904153,LMNA
ENSG00000160789,ENST00000469565,ENSE00001915796,LMNA
ENSG00000160789,ENST00000368299,ENSE00001913839,LMNA
ENSG00000198626,ENST00000609119,ENSE00004022523,RYR2
ENSG00000198626,ENST00000609119,ENSE00004022481,RYR2
ENSG00000198626,ENST00000609119,ENSE00004022547,RYR2
ENSG00000198793,ENST00000473471,ENSE00001846408,MTOR
ENSG00000117118,ENST00000485092,ENSE00001859670,SDHB
ENSG00000117118,ENST00000714036,ENSE00004022587,SDHB
ENSG00000117118,ENST00000466613,ENSE00001915047,SDHB
ENSG00000118194,ENST00000476888,ENSE00001915170,TNNT2
ENSG00000118194,ENST00000491504,ENSE00001881035,TNNT2
ENSG00000118194,ENST00000666449,ENSE00003861895,TNNT2
ENSG00000118194,ENST00000651504,ENSE00003847221,TNNT2
ENSG00000118194,ENST00000503459,ENSE00002029876,TNNT2
ENSG00000158887,ENST00000674861,ENSE00003902204,MPZ
ENSG00000158887,ENST00000672287,ENSE00001931533,MPZ
ENSG00000158887,ENST00000526189,ENSE00002145910,MPZ
