gene,ensembl_exon_id,isoform_type,variant_count_clinvar,variant_count_gnomad,fisher_p,fdr,odds_ratio
AAAS,ENSE00002404986,non_canonical,6,2,1.525443461128919e-7,1.334196435202242e-4,73.21765946788967
ABCA4,ENSE00003831467,non_canonical,0,38,4.1902809712222177e-7,3.1978369660035067e-4,0
ABCC6,ENSE00002655440,non_canonical,12,30,2.6955513097920958e-5,0.011120783921206958,5.770071832094107
ABCC8,ENSE00003918181,non_canonical,28,22,4.816661869545215e-7,3.6050770941446975e-4,4.344820533249748
ACVRL1,ENSE00004020483,non_canonical,60,18,7.305897236484269e-6,0.0037150851528780144,3.3556698639653137
AFF3,ENSE00001647850,non_canonical,9,23,5.8297363353130976e-8,5.928899956697825e-5,21.94608722714215
AFG3L2,ENSE00003936250,non_canonical,4,12,1.555343441717286e-4,0.04848490166787125,27.863243295731028
AGO1,ENSE00003789507,non_canonical,5,4,1.207366648874857e-6,7.6999808031994e-4,149.12828107662835
AIRE,ENSE00001050710,non_canonical,10,16,6.2724946451095904e-6,0.0032655375183009315,9.37037703847736
ALDH5A1,ENSE00001944818,non_canonical,1,81,8.931322472839569e-6,0.004438403304197482,0.05524976852617602
ALDH7A1,ENSE00002073839,non_canonical,8,4,2.048341739255826e-5,0.008831526383394274,14.282435910996924
ALG1,ENSE00003916474,non_canonical,10,22,1.7369646308962514e-5,0.007717265788243259,7.5691476591886
ANKRD11,ENSE00003826875,non_canonical,4,5,1.9689279547264274e-5,0.008585872158131823,40.03127846210148
ANXA11,ENSE00003555103,non_canonical,4,17,8.713686602834245e-5,0.029937527978222436,Inf
APC,ENSE00003730803,non_canonical,5,18,1.3644449755487871e-6,8.612039091030818e-4,33.62338719723191
APP,ENSE00001948125,non_canonical,5,17,8.324325293719419e-7,5.752240313574241e-4,Inf
APTX,ENSE00001820025,non_canonical,5,14,1.6659724670748396e-6,0.0010261317738852111,39.62627144992879
AR,ENSE00003475785,non_canonical,7,188,1.737840613598675e-23,3.799912633105903e-19,0.060960573815844035
ARID1A,ENSE00001698973,non_canonical,10,13,6.716624354949411e-9,8.78672242537228e-6,19.633621776101364
ARID1B,ENSE00003783488,canonical,1,443,3.969985683346805e-6,0.0021779426834876775,0.057552453392564124
ARSA,ENSE00002394629,non_canonical,86,101,1.3146751831357661e-5,0.006116236581482078,2.1649712800116503
ASAH1,ENSE00002102113,non_canonical,12,40,1.9157269854187647e-5,0.008413806955184967,5.286394664060496
ASL,ENSE00003895172,canonical,30,37,1.7926422827197826e-5,0.007895879936491797,3.243007302504657
ATL1,ENSE00002499412,non_canonical,12,7,5.682270089537576e-5,0.020982587693718247,7.116207150192086
ATM,ENSE00003922119,non_canonical,10,57,1.4058818929479076e-4,0.04432220031608789,5.149544257338516
ATN1,ENSE00002282986,non_canonical,7,1,1.4281261405494544e-10,3.2383553640370297e-7,Inf
ATP1A3,ENSE00001829832,non_canonical,14,14,9.449151831595998e-7,6.288205127582972e-4,11.88816024964005
ATP6V0C,ENSE00002590649,non_canonical,9,2,1.2588515191121213e-6,7.995013008933663e-4,34.361765173127985
ATP7B,ENSE00003897217,non_canonical,40,57,1.0893137509676745e-9,1.862909080705165e-6,4.047441151840107
ATRX,ENSE00003757706,non_canonical,10,3,1.573941445395801e-9,2.470845924433654e-6,42.413081848739466
AUTS2,ENSE00003596844,non_canonical,7,17,1.0279719894053562e-6,6.75284947203364e-4,18.169669679397057
BAP1,ENSE00001126025,non_canonical,4,1,6.172273472591536e-5,0.02233399947316455,64.96976551313693
BEST1,ENSE00003553106,non_canonical,37,19,6.455352971827713e-17,4.204495003693403e-13,11.42151283799414
BMPR1A,ENSE00004020651,non_canonical,6,8,8.173551539452829e-5,0.028208428379450957,22.535689388529278
BMPR2,ENSE00003482012,non_canonical,19,10,7.491177357125226e-12,2.143176834171191e-8,21.089269355961523
BPTF,ENSE00003585085,non_canonical,3,6,2.5430569417431228e-5,0.01062047191004645,131.17355711895948
BRAF,ENSE00003819317,non_canonical,20,5,6.433360689243858e-17,4.204495003693403e-13,46.472695524477324
BRCA1,ENSE00001847936,non_canonical,2,391,3.373269245676966e-30,1.721041969144388e-25,0.021117525212338423
BRCA2,ENSE00003744847,non_canonical,23,16,5.641268948198826e-23,1.0793157815141405e-18,43.56875173135415
BRIP1,ENSE00003919213,canonical,5,34,3.6323380550417846e-7,2.8150160136946613e-4,141.57115011851104
BSCL2,ENSE00003921253,non_canonical,3,5,6.556117096174642e-6,0.0033764849255766283,169.10503329333724
C1R,ENSE00001712632,non_canonical,4,7,1.3146886239841674e-4,0.041748182735895575,24.23677534308909
CACNA1A,ENSE00003795205,non_canonical,17,1,6.349544588151025e-19,6.941866390445685e-15,227.29675576833026
CACNA1C,ENSE00003571437,non_canonical,5,3,4.691411849643885e-6,0.0025418318502884707,45.93092989429585
CACNA1E,ENSE00003979078,non_canonical,3,7,1.4047532976837007e-4,0.04432220031608789,48.78278174967184
CALM2,ENSE00001585662,non_canonical,0,33,3.680020181240112e-11,9.466619982195152e-8,0
CAMK2A,ENSE00003916120,non_canonical,3,0,5.3906039746179575e-5,0.020026355445510305,Inf
CAMTA1,ENSE00001317856,non_canonical,3,0,6.240224843787827e-8,6.245002298002514e-5,Inf
CAPN3,ENSE00003791946,non_canonical,15,21,2.0414329827923562e-8,2.3405373209453037e-5,9.157361584918897
CARD11,ENSE00001598839,non_canonical,8,15,3.3282314805468103e-7,2.6057243499360346e-4,19.68971589060207
CASR,ENSE00001839573,non_canonical,20,14,6.801797006152416e-5,0.024324370321534786,4.290201735938902
CBL,ENSE00003979906,non_canonical,10,18,2.6676683566364584e-13,1.0605540744591592e-9,270.3441831257141
CBS,ENSE00001924222,non_canonical,0,43,1.4186082035549839e-6,8.898859493283847e-4,0
CDAN1,ENSE00003816249,non_canonical,4,26,3.608911031315531e-5,0.014347530453328707,38.125632513582474
CDC42,ENSE00003846732,non_canonical,0,15,2.3831952987977942e-5,0.009993749929698367,0
CDH2,ENSE00003900152,non_canonical,6,16,2.8914583508186773e-6,0.0016924153544027028,27.208916875664936
CDK13,ENSE00003826183,non_canonical,7,4,4.788459838423278e-10,9.336581692599579e-7,89.72518874179372
CDKL5,ENSE00003754933,non_canonical,23,5,8.993470248270214e-19,9.288909132686794e-15,112.02147571695473
CERT1,ENSE00003823629,non_canonical,3,0,1.545739344415709e-6,9.617514799035303e-4,Inf
CFH,ENSE00003965691,non_canonical,10,20,4.941513456014982e-6,0.002658516870220222,9.007474954142713
CFTR,ENSE00003976974,non_canonical,27,40,1.7134502217893235e-6,0.001044863310546111,3.8243447824763197
CHD2,ENSE00003770198,non_canonical,15,0,3.017592728070499e-18,2.7168984879910034e-14,Inf
CHD3,ENSE00003916659,non_canonical,12,1,8.458911083290146e-15,4.046002907526218e-11,233.17045756156878
CHD4,ENSE00003820250,non_canonical,10,3,3.4923142334545527e-9,5.066517847340144e-6,39.4441321578419
CHD7,ENSE00002150642,non_canonical,7,20,9.208683615880273e-8,8.542309783312936e-5,28.745036090043833
CHD8,ENSE00003660482,non_canonical,3,4,1.0916224069852042e-4,0.035549728853862844,52.178018737629614
CIC,ENSE00003919718,non_canonical,4,3,2.1248058635617583e-7,1.7345215225427347e-4,188.1945327858408
CLCN1,ENSE00003912307,non_canonical,15,16,1.353047295961312e-4,0.04283297189655396,4.4759112945467665
CNGA3,ENSE00001827438,non_canonical,1,46,1.1267935195431963e-5,0.005364448401284032,0.05559259276246264
COL11A1,ENSE00003788304,non_canonical,5,2,1.23257167592022e-6,7.844383397769183e-4,74.28295608493134
COL1A1,ENSE00002046241,non_canonical,1,37,1.0327119892128575e-8,1.283420151758903e-5,0.03273129800229717
COL1A2,ENSE00001817185,canonical,2,42,1.264588713925215e-10,2.9106458429081713e-7,0.048284387984493686
COL2A1,ENSE00003686490,non_canonical,20,9,9.055428857067974e-5,0.030869130086031715,4.622864154985537
COL6A1,ENSE00002473380,canonical,12,4,5.220838010268677e-15,2.7088185283109275e-11,94.35709360674045
COL6A2,ENSE00003507459,non_canonical,17,5,3.041411459220345e-16,1.8255625017579058e-12,56.610808536188756
COL7A1,ENSE00003541804,non_canonical,28,18,1.8808524835649665e-8,2.1809339479882862e-5,5.752140637357315
CREBBP,ENSE00002640954,non_canonical,15,5,3.554896589554937e-9,5.066517847340144e-6,17.642289689685015
CRX,ENSE00001263348,canonical,0,85,3.1028968626566477e-6,0.0017655367799190576,0
CRYAA,ENSE00001531761,non_canonical,0,49,7.486125013039018e-6,0.0038004188872164247,0
CSNK2A1,ENSE00003822061,non_canonical,10,2,2.1602864317558192e-8,2.449284749959598e-5,41.27507573782611
CTCF,ENSE00003824919,canonical,16,5,4.653832438886028e-10,9.132251193537121e-7,20.65279599230668
CYFIP2,ENSE00002096655,non_canonical,6,2,4.595024012571356e-6,0.002498452487972191,41.578644764174925
DCLRE1C,ENSE00001476881,non_canonical,4,8,5.058657415045842e-5,0.01907088925977627,28.096716042123017
DDX3X,ENSE00003824510,non_canonical,36,4,3.4541521160946594e-16,2.033432780344033e-12,24.458185083153708
DDX6,ENSE00003563747,non_canonical,5,0,2.521260529414282e-7,2.047236799109549e-4,Inf
DEAF1,ENSE00002176029,non_canonical,19,10,1.9989671414130158e-13,8.269240828775032e-10,22.28450234827585
DHCR7,ENSE00003919809,non_canonical,18,13,2.1951787726057923e-5,0.009411598401541809,4.820096613645024
DHDDS,ENSE00001843824,non_canonical,7,8,3.4964806246390094e-13,1.2445844753656902e-9,Inf
DHX30,ENSE00003561641,non_canonical,6,7,1.0176500900812113e-5,0.0049684696264060664,22.693360588948813
DICER1,ENSE00002156924,non_canonical,18,8,2.6866550576379685e-19,3.2897553849765394e-15,65.42483682505016
DMD,ENSE00003921358,non_canonical,4,7,5.9992681291699845e-5,0.021915226249421427,29.253577514443418
DNAH11,ENSE00003697945,canonical,4,13,1.5137840315892112e-5,0.006916411458956558,36.65685319452947
DNAJB6,ENSE00001663093,non_canonical,6,6,5.294530318791204e-10,1.012976013242727e-6,Inf
DNM1L,ENSE00003988663,non_canonical,7,2,2.6189597115002696e-5,0.010863359713881606,23.32851514341626
DNM2,ENSE00003918527,non_canonical,5,5,9.537750719473942e-5,0.03219069735661922,19.08430454448791
DNMT1,ENSE00002853940,non_canonical,4,5,1.0562032638212608e-7,9.604865483173605e-5,240.19384391587366
DOK7,ENSE00001506478,canonical,6,32,9.047380430829735e-5,0.030869130086031715,10.563643590491361
DPF2,ENSE00002159943,canonical,13,20,8.894196035361389e-8,8.35181377406389e-5,12.023758129057002
DPY19L2,ENSE00001784419,canonical,3,16,2.022293648307484e-5,0.008768619428043726,Inf
DSPP,ENSE00001313251,canonical,2,2,1.1718696129597552e-4,0.03796113501790902,330.81588331289873
DYNC1H1,ENSE00003819761,non_canonical,7,7,1.4034536568270436e-6,8.821873376342805e-4,20.938059209723505
EDA,ENSE00001463806,canonical,20,4,4.833181217508076e-5,0.01849416792879465,7.5898100335786545
EHMT1,ENSE00003792678,non_canonical,5,7,2.892349766130717e-5,0.011789695211823369,21.3962302582325
EIF2B5,ENSE00001901717,non_canonical,15,26,1.4821981330918384e-5,0.00679237264224661,4.863092924015821
ETV6,ENSE00002245284,non_canonical,4,1,1.3313362348161024e-4,0.042233020539057545,56.999202894599364
EXT1,ENSE00003917764,non_canonical,13,9,3.950119418411408e-8,4.141132042342809e-5,14.251337994452285
EZH2,ENSE00003922375,canonical,15,7,9.652513181975818e-5,0.03250635132306312,6.022019886092152
F8,ENSE00001311652,canonical,13,250,1.8658941820951467e-27,5.711875270229663e-23,0.09034980214011364
FAM50A,ENSE00001957967,canonical,4,2,3.797372218424847e-5,0.014941537063036171,Inf
FAS,ENSE00003969327,non_canonical,18,6,6.437611945315382e-6,0.0033232407566609525,7.1672464506774665
FBN1,ENSE00002265829,canonical,9,42,6.496238593960734e-10,1.1697815049313293e-6,0.138365422125171
FBN2,ENSE00002052781,non_canonical,6,12,8.925745739546561e-7,6.071887301755541e-4,28.26197410544479
FBXO11,ENSE00003922358,non_canonical,6,0,6.156819681033647e-6,0.003227269932804829,Inf
FGF13,ENSE00001124987,canonical,5,4,1.7926126432969743e-5,0.007895879936491797,Inf
FGFR1,ENSE00002164739,non_canonical,11,6,1.8970286517658526e-5,0.008343655328714982,8.903449996800525
FGFR2,ENSE00003551993,non_canonical,19,8,5.759983077145567e-17,3.9183244879462246e-13,43.12233216312649
FGFR3,ENSE00003741759,non_canonical,7,9,1.479276251465644e-6,9.260450840463455e-4,20.978147011098667
FH,ENSE00003919040,canonical,63,43,6.502072502152935e-9,8.691766088904177e-6,3.64727080703883
FLNA,ENSE00001731840,non_canonical,6,13,1.2232621842606334e-4,0.03929328644762488,11.129670885522991
FOXP1,ENSE00003834493,non_canonical,7,4,3.442931310118013e-7,2.6886482975850155e-4,35.387241307203034
FUS,ENSE00001821991,non_canonical,6,8,4.7795346109919634e-5,0.018357730679007023,15.374580598510189
G6PD,ENSE00003819551,non_canonical,0,13,1.6250850954718665e-5,0.0073481691200272935,0
GAA,ENSE00004022676,canonical,9,104,8.616305163898272e-9,1.117637007107008e-5,0.18016704799662073
GABBR2,ENSE00003784767,non_canonical,8,7,2.729541576415628e-6,0.001603775945052499,17.440330618426923
GABRA1,ENSE00002100022,non_canonical,8,2,2.912097831839348e-7,2.3397674233140717e-4,39.76073335147103
GABRA2,ENSE00002083619,non_canonical,5,2,8.0559618435723e-5,0.027865435475190423,29.75694329671877
GABRB2,ENSE00003737234,non_canonical,26,11,8.574222315585703e-20,1.1930640614759524e-15,38.14843716959279
GABRB3,ENSE00002439631,non_canonical,16,2,2.0738998202970666e-13,8.464829506524507e-10,70.47474719001359
GABRG2,ENSE00002093854,non_canonical,8,0,5.8952000710382165e-9,7.915081779588678e-6,Inf
GATA2,ENSE00001949052,non_canonical,26,9,2.6042942027014397e-8,2.9095859172662945e-5,8.801739383394905
GATA3,ENSE00001381352,non_canonical,11,0,1.2054283914408553e-9,2.0275040614718387e-6,Inf
GCK,ENSE00001741995,non_canonical,0,14,2.787356462988154e-7,2.2513603178098515e-4,0
GFAP,ENSE00003801676,non_canonical,9,6,4.741209911372433e-6,0.0025642741662002286,12.859577568119121
GLA,ENSE00003840523,non_canonical,0,35,2.4561580965731064e-16,1.5037582330459186e-12,0
GLB1,ENSE00003659036,non_canonical,0,31,9.715317398495391e-5,0.032538872669884124,0
GLDC,ENSE00001899611,non_canonical,15,21,3.6351206301105965e-6,0.0020343384411141787,5.829938357007121
GLI3,ENSE00001853445,non_canonical,4,21,7.276699388323443e-5,0.0255745489868378,43.112490646968425
GNAI1,ENSE00003587658,non_canonical,5,1,1.0180815689557913e-4,0.03379083471851364,40.449594101073515
GNAI3,ENSE00001781395,canonical,5,4,9.21299788299893e-6,0.004570960959390004,96.37935519053859
GNAO1,ENSE00001327808,canonical,0,64,5.726459626836579e-12,1.7186115891835428e-8,0
GNAS,ENSE00001168840,non_canonical,2,523,1.0876821037428976e-35,8.324031139944396e-31,0.01778694860312102
GRIA2,ENSE00003989834,non_canonical,10,5,5.209971263569735e-10,1.0030669202540676e-6,38.09812056334314
GRIN1,ENSE00001775900,non_canonical,9,1,8.869472534984345e-9,1.1360346997528902e-5,105.62463899827561
GRIN2A,ENSE00001862908,non_canonical,8,16,3.522677339260123e-7,2.7439236312832286e-4,17.202424852177774
GRIN2B,ENSE00003709762,non_canonical,3,203,6.507440584640899e-62,1.992057711770272e-56,0.004777169786735281
GRIN2D,ENSE00001131295,canonical,7,8,8.796866535381582e-9,1.1360346997528902e-5,64.12961615799686
GUCY2C,ENSE00000722294,canonical,4,17,9.708730350025194e-5,0.032538872669884124,33.784690343483256
H3-3B,ENSE00002949366,non_canonical,12,1,1.3333657146820985e-7,1.1796818282615144e-4,45.638119086760355
HCN1,ENSE00003798225,non_canonical,13,4,8.087147303359292e-13,2.7507083694492738e-9,57.58361717320869
HCN4,ENSE00001714815,canonical,11,18,6.7504472479476686e-12,1.949478218435604e-8,65.16948740935736
HDAC8,ENSE00003835578,non_canonical,7,1,9.947350320723544e-5,0.03320701068898464,27.718159715868364
HECW2,ENSE00003830655,non_canonical,8,3,4.023827926905098e-9,5.598973659019039e-6,61.98111268979541
HNF1A,ENSE00002281564,non_canonical,1,76,7.298841690690621e-11,1.7455636080892287e-7,0.029265168435988385
HNRNPA1,ENSE00002356700,non_canonical,17,13,1.2268118487229143e-5,0.005751173707979456,5.458557958319547
HR,ENSE00001813128,non_canonical,2,0,7.086669973779328e-5,0.025108465420987592,Inf
HRAS,ENSE00001868274,non_canonical,8,2,2.8273275262853305e-5,0.011584713056129793,21.202456938002324
HS2ST1,ENSE00003926762,non_canonical,3,7,1.04788636353976e-4,0.034492362753418424,113.07422786025793
HSPB8,ENSE00002261512,non_canonical,3,3,1.5854865826612478e-6,9.82488163328464e-4,Inf
HUWE1,ENSE00001854675,non_canonical,8,3,9.716635507270053e-7,6.410466511822217e-4,27.45151130666947
ICOSLG,ENSE00003979605,non_canonical,2,0,1.2527403695584085e-4,0.04007198348267712,Inf
IDS,ENSE00001861327,non_canonical,1,13,8.543991606745786e-6,0.004273671095844804,0.03826764088919753
IDUA,ENSE00002059526,non_canonical,9,9,1.5814339436694998e-4,0.049198024271962126,7.032429973357079
IGF2,ENSE00003625034,non_canonical,4,15,2.083382772913128e-5,0.008969973761521333,Inf
IHH,ENSE00001075357,canonical,11,11,5.837361466005248e-9,7.87195194701994e-6,43.168184885468
IKBKG,ENSE00001692514,non_canonical,7,0,3.775873181128522e-10,7.554707831418714e-7,Inf
IKZF1,ENSE00003600388,non_canonical,6,3,1.513492706498735e-9,2.438475722702067e-6,149.72543528827924
IMPDH1,ENSE00001903979,non_canonical,8,9,6.759773943685495e-8,6.632378203977576e-5,33.43450635811165
INF2,ENSE00003903854,canonical,20,39,4.683181735723157e-12,1.448096558524821e-8,11.63467376578371
INPP5E,ENSE00003796019,canonical,0,155,2.627620699998204e-5,0.010884536518043981,0
IQSEC2,ENSE00003808418,non_canonical,5,2,8.734046367049404e-7,6.000014870992253e-4,77.84850308999296
IRF6,ENSE00003516334,non_canonical,15,13,3.229720944330453e-5,0.012974831699192103,5.98379879447215
ITPR1,ENSE00003548100,non_canonical,10,4,2.01852581380068e-9,3.1207632430336573e-6,36.32499676224348
KCNA2,ENSE00003805495,non_canonical,0,34,8.588491817551679e-6,0.004281936669688795,0
KCNC2,ENSE00002336657,non_canonical,8,25,1.0393291849040544e-7,9.525732038408057e-5,Inf
KCNH1,ENSE00003801206,non_canonical,14,19,4.125016327434537e-12,1.301804121808516e-8,22.817803065886324
KCNH2,ENSE00001875160,non_canonical,44,32,2.6685564051465535e-19,3.2897553849765394e-15,10.955964746156944
KCNN2,ENSE00003534801,non_canonical,4,1,8.004286804963461e-9,1.0426690539299637e-5,908.7262810589248
KCNQ1,ENSE00004020984,canonical,21,3,1.1768015277863054e-11,3.216450747195927e-8,27.13718380025257
KCNQ2,ENSE00004020495,canonical,40,2,4.0703316422619165e-22,7.32947013134834e-18,62.45563473348331
KCNQ3,ENSE00003621322,non_canonical,4,8,1.0249034774563733e-5,0.004980054801888016,49.668054586611326
KCNQ4,ENSE00003677491,non_canonical,9,7,9.595629812365237e-11,2.2595493832009587e-7,67.61073612966109
KCNT1,ENSE00003903583,non_canonical,10,8,3.5584128354179105e-9,5.066517847340144e-6,25.968745359193363
KCTD1,ENSE00002688710,canonical,2,2,5.634278953150979e-5,0.020830500883316155,Inf
KDM3B,ENSE00003526737,canonical,4,4,2.2382269106502707e-5,0.009556011462876721,46.163523772135036
KDM5C,ENSE00001466943,non_canonical,0,60,1.5308338684909221e-6,9.544172379275786e-4,0
KIF1A,ENSE00003840655,non_canonical,6,2,7.201113298114397e-11,1.735751813243133e-7,354.75070796257273
KIF5C,ENSE00003904957,non_canonical,3,2,2.5919225326193493e-6,0.0015317361499718827,Inf
KIT,ENSE00002043186,non_canonical,4,8,1.5701823818307775e-5,0.007152741528661274,51.038893258404656
KMT2B,ENSE00002213924,non_canonical,3,3,7.230570115888056e-5,0.025441633607766113,67.22786604323665
KMT2D,ENSE00003925826,non_canonical,2,366,4.4977106271899615e-9,6.201978275654915e-6,0.06814173732041118
KRAS,ENSE00001189807,canonical,2,15,3.5502755471231146e-5,0.014132774388625851,0.07818042137529004
KRT5,ENSE00002412542,non_canonical,12,25,1.3988277516110707e-5,0.006468416183129622,6.157652848345904
KRT6A,ENSE00002401911,non_canonical,4,8,1.9340530421798316e-5,0.008482124889284959,45.984213536002414
LDLR,ENSE00002572374,non_canonical,53,26,1.9521261174370127e-10,4.268463193355845e-7,4.65753996510253
LMNA,ENSE00001913839,non_canonical,53,22,8.778298370201038e-15,4.1341733801322186e-11,6.756014123386411
LONP1,ENSE00002744653,non_canonical,3,7,1.2095833028515285e-5,0.0057053565588429875,120.83449375705989
LPL,ENSE00001206552,canonical,16,38,2.9985954271206917e-5,0.012190305871848422,4.656694997884829
LZTR1,ENSE00001813266,non_canonical,8,16,6.323145123626675e-6,0.0032774632929916175,11.55332624995537
MACF1,ENSE00003928054,non_canonical,9,10,3.2191610516013646e-14,1.4281877987191447e-10,111.39879234780891
MAP2K1,ENSE00003924647,non_canonical,6,4,1.2967043992186358e-5,0.006041813556907288,27.735547415145515
MAP2K2,ENSE00003654028,non_canonical,9,19,9.536470210952803e-7,6.314690704909123e-4,14.058823181911585
MAP3K7,ENSE00003980256,non_canonical,3,0,5.794721974068624e-6,0.0030689970427368292,Inf
MAPT,ENSE00003990497,non_canonical,7,3,5.691253210360644e-9,7.708878021042478e-6,98.85327280748288
MAST1,ENSE00002834266,non_canonical,5,7,1.0947015850780658e-5,0.005254199068886772,28.715516562427094
MECP2,ENSE00001864109,non_canonical,39,21,1.3114242997601476e-16,8.363608471720341e-13,10.441636627636688
MED13L,ENSE00003839119,non_canonical,10,10,1.6272333920122357e-8,1.926465158380849e-5,19.436976461617466
MEF2C,ENSE00002026825,non_canonical,20,4,2.3273087233792954e-13,9.374154557906184e-10,31.9838631429228
MEIS2,ENSE00002542916,non_canonical,6,1,5.696077535031211e-11,1.3949466040190036e-7,500.46143677683546
MEN1,ENSE00003895360,non_canonical,34,28,1.6707095393250365e-5,0.007499085105251909,3.220237944440168
MET,ENSE00004014109,non_canonical,5,6,3.922123971017247e-6,0.0021779426834876775,43.675769152578916
MFN2,ENSE00003899990,non_canonical,0,36,7.174171131850718e-10,1.2843024952527146e-6,0
MFRP,ENSE00003594772,canonical,5,0,1.0248473937572072e-9,1.7625072144772823e-6,Inf
MITF,ENSE00003928888,non_canonical,10,1,3.524217567128371e-15,1.9264883600881017e-11,433.59397678221006
MLH1,ENSE00003562790,non_canonical,2,70,6.12016920548525e-6,0.0032176804667339563,0.09734090071952045
MMAB,ENSE00002202468,non_canonical,12,18,2.335849693939216e-9,3.5574642204411585e-6,22.882795880681538
MNX1,ENSE00003526167,non_canonical,5,7,8.74132463688689e-5,0.029998814998249045,19.815000723891487
MORC2,ENSE00003502149,non_canonical,6,4,2.3279895613595233e-6,0.0013864672461544303,35.06001062171004
MPZ,ENSE00002145910,non_canonical,20,9,1.6639266467473936e-10,3.717965146732205e-7,14.414023547446865
MSH2,ENSE00003824769,non_canonical,33,32,1.4863591977365517e-15,8.272805047474785e-12,12.288254443067178
MSH6,ENSE00003847463,canonical,9,17,9.994015056038815e-5,0.03329018377534932,6.33476321509016
MTOR,ENSE00001846408,non_canonical,6,2,3.70174408389596e-8,3.990063024514899e-5,105.08980600165249
MYH9,ENSE00001802693,non_canonical,9,32,6.589055527065657e-5,0.023618755011069543,6.8086917416244965
MYO15A,ENSE00002311321,canonical,5,672,1.2387681031874601e-9,2.044478765064036e-6,0.12905125069656576
MYOT,ENSE00001196180,canonical,6,38,5.8114426372017384e-5,0.02142680442291734,37.55942251878578
MYT1L,ENSE00001929052,non_canonical,7,0,1.6020412341767444e-10,3.606006342692537e-7,Inf
NAA10,ENSE00001842041,canonical,18,3,1.0947881197130566e-6,7.145768426579124e-4,13.6978567142416
NALCN,ENSE00003901132,non_canonical,6,0,1.490415502140361e-9,2.4139999656889278e-6,Inf
NF1,ENSE00003936354,non_canonical,36,12,1.5343677632394863e-9,2.453435325010182e-6,6.548919640847162
NFE2L2,ENSE00003976276,non_canonical,5,22,9.55083560816975e-7,6.314690704909123e-4,39.092498397568995
NFIB,ENSE00001910446,non_canonical,7,21,7.751434210605475e-7,5.380655420749542e-4,Inf
NIPBL,ENSE00003521407,non_canonical,8,14,2.162341572503547e-6,0.0012928437542476287,14.802436966622
NOTCH1,ENSE00003913226,non_canonical,4,12,4.065443856574766e-5,0.01585367736783016,31.216187961911107
NR2F1,ENSE00003824398,non_canonical,45,1,4.507355390019908e-14,1.94336849576464e-10,61.01265205034949
NR3C2,ENSE00002055689,non_canonical,0,215,5.709423235296698e-7,4.1812646908828357e-4,0
NR4A2,ENSE00003979218,non_canonical,8,4,9.535654904481194e-9,1.1963338849835178e-5,46.50971294000124
NSD1,ENSE00003925502,non_canonical,32,13,5.221066671333984e-18,4.566494084082169e-14,16.084607638124204
OPA1,ENSE00001889917,non_canonical,11,9,1.1094620009795326e-7,1.0008811830480192e-4,15.19269933059272
PACS2,ENSE00002380384,non_canonical,2,4,8.291828126986591e-5,0.02858439669181459,Inf
PAK1,ENSE00002147596,non_canonical,11,5,1.1899279617262685e-4,0.038302917733296034,8.064497597871464
PANK2,ENSE00001481494,canonical,0,135,2.7915944518955733e-9,4.128323157556874e-6,0
PAX2,ENSE00002450135,non_canonical,14,8,1.1998255545806882e-6,7.667862187228398e-4,10.386700197981376
PAX3,ENSE00003818404,non_canonical,33,8,1.0031226265425593e-24,2.558965820310069e-20,52.95342649937067
PAX6,ENSE00002175000,non_canonical,53,14,6.109010976251383e-27,1.7000822182273394e-22,18.03955767271672
PAX8,ENSE00003561996,non_canonical,6,17,1.7812994801695564e-5,0.007868562725389678,19.34351539131621
PAX9,ENSE00002513824,non_canonical,11,14,7.84980436921866e-7,5.436611116527638e-4,12.8195226458007
PBX1,ENSE00002567841,non_canonical,3,0,1.2087221389547016e-5,0.0057053565588429875,Inf
PCDH19,ENSE00001174648,canonical,105,125,4.677748439471045e-22,7.955290846060425e-18,Inf
PCGF2,ENSE00003716723,non_canonical,3,10,3.771516766897584e-5,0.01486792091213244,Inf
PDGFRB,ENSE00003469927,canonical,5,8,1.0946115614912029e-4,0.035609191413781834,15.962169740565963
PDHA1,ENSE00001482663,non_canonical,0,33,4.4009595683385044e-11,1.113406399222961e-7,0
PHF3,ENSE00000757767,canonical,10,249,2.0931814304358625e-9,3.219923112990082e-6,Inf
PHIP,ENSE00003978906,non_canonical,5,2,1.3830341951712936e-6,8.711407979955482e-4,72.89258737509182
PKD1,ENSE00001881431,non_canonical,18,28,4.2123500203422055e-10,8.319255407917135e-7,9.039583707248623
PKD2,ENSE00003579436,canonical,8,24,4.087629550432519e-6,0.0022265216334135278,12.710529338359702
PLA2G6,ENSE00001860070,non_canonical,11,16,1.3098004814644272e-4,0.041636149884308464,5.355957845850798
PNPLA6,ENSE00003207909,non_canonical,6,13,9.389573025287593e-5,0.03190162147059976,12.172505113284208
POLG,ENSE00003796387,non_canonical,26,62,8.741691599577109e-7,6.000014870992253e-4,3.7552498875011433
POLR2A,ENSE00003740422,canonical,7,2,3.908686678915145e-8,4.111777203262901e-5,67.70885393226645
PPT1,ENSE00003811765,canonical,9,29,1.1855970100647299e-4,0.038302917733296034,6.539661982222207
PRPF8,ENSE00003989252,non_canonical,13,12,5.9742415448652414e-5,0.021876014613805596,5.586139114533858
PRPH2,ENSE00001035135,canonical,2,40,4.832829049507552e-10,9.363453345792733e-7,0.044915720587491395
PRRT2,ENSE00003800537,non_canonical,9,30,5.816566861180031e-5,0.02142680442291734,6.6323469626428
PSEN1,ENSE00003979379,canonical,1,36,2.670401896318855e-5,0.01104680308785308,0.058601757688985005
PTCH1,ENSE00002405951,canonical,8,24,9.683490797113124e-6,0.004758122315910545,10.787590207979752
PTEN,ENSE00001939988,non_canonical,11,41,6.2286514538111355e-12,1.8159188409911094e-8,0.11662741175382865
PTPN11,ENSE00003924067,canonical,0,18,9.385001169884907e-7,6.259121041667032e-4,0
RAC1,ENSE00003968019,canonical,15,1,4.4350902813803467e-5,0.0171856941384323,23.69489873166188
RAF1,ENSE00001666451,non_canonical,24,11,1.309725564748259e-19,1.7431877820901612e-15,32.26035928488484
REEP1,ENSE00003923006,non_canonical,8,3,2.7712375175953267e-10,5.81048786908412e-7,111.92258979950343
RET,ENSE00003917679,non_canonical,14,57,1.2683833934984262e-6,8.038872141154001e-4,7.045537494250235
RHEB,ENSE00003464369,canonical,4,0,6.128014216992997e-6,0.0032176804667339563,Inf
RNF213,ENSE00003529999,non_canonical,7,22,1.4395393897877696e-9,2.34399892554166e-6,68.95901873270061
RORA,ENSE00002543887,non_canonical,5,1,3.7446071748337606e-9,5.258252974128948e-6,468.07958105660265
RPGR,ENSE00001477761,canonical,2,304,2.3535681660231754e-9,3.566704391005022e-6,0.059527394933378455
RS1,ENSE00000666224,canonical,2,13,2.2016579735685236e-5,0.009426175368794356,0.06846238781188657
RUNX1,ENSE00003488338,non_canonical,10,8,9.751953132268634e-9,1.2184766909592139e-5,27.981265683528324
RUNX2,ENSE00003676933,non_canonical,11,12,2.8393939292876387e-9,4.178823411699673e-6,20.775414150052285
RYR1,ENSE00003929854,non_canonical,16,12,7.816836311846951e-13,2.6886403727894252e-9,33.78571460073723
RYR2,ENSE00004022481,non_canonical,9,1,3.8545245616612223e-07,2.9572607990369256e-4,52.272840530511836
SASH1,ENSE00000765048,canonical,5,14,6.595748246150458e-6,0.0033820610604884055,29.67655009151502
SATB1,ENSE00004282472,non_canonical,5,6,1.9514163539690247e-6,0.0011736101655736696,46.83477795476799
SCN1A,ENSE00003930456,non_canonical,4,47,1.5768994985690428e-17,1.2178812571745658e-13,0.044425366783372985
SCN2A,ENSE00003798379,non_canonical,1,44,1.6015112917632847e-11,4.300479268724357e-8,0.023768481136588346
SCN8A,ENSE00003805342,non_canonical,0,83,3.948636340741552e-15,2.0840630286686277e-11,0
SDHB,ENSE00004022587,non_canonical,14,10,3.8433971897577586e-7,2.95613253198152e-4,10.034079020620672
SDHD,ENSE00002155365,non_canonical,0,27,9.447525175575182e-5,0.03201244623258337,0
SERPING1,ENSE00001554422,non_canonical,4,62,5.471701821173557e-10,1.0403710319861175e-6,0.09435653657626086
SETD5,ENSE00003933344,non_canonical,12,13,1.1538536122625828e-12,3.839322475932847e-9,36.28788296093227
SGCA,ENSE00002045453,non_canonical,17,21,1.9232455426952313e-8,2.2216751906787327e-5,9.347061064162922
SH3BP2,ENSE00004023890,non_canonical,5,17,5.381487122932264e-9,7.321692613653443e-6,Inf
SIX1,ENSE00003825363,canonical,11,38,2.355724872916795e-5,0.009932982067455775,11.394445111772715
SKI,ENSE00001477855,canonical,15,93,3.8683513432271327e-10,7.689478657069415e-7,Inf
SLC2A1,ENSE00001457958,non_canonical,27,20,4.046249154058764e-5,0.015839357941693975,3.5826758236625134
SLC4A11,ENSE00003532783,non_canonical,6,18,6.982607830256013e-5,0.024797168317841886,12.87649804896385
SLC6A1,ENSE00003814870,non_canonical,12,3,7.333042813657617e-7,5.101797877538341e-4,17.087074249864365
SMAD3,ENSE00003914196,non_canonical,17,8,3.728732528800414e-7,2.875162724726405e-4,9.319968023044387
SMARCA2,ENSE00003788132,non_canonical,12,1,1.4069610055070616e-15,7.97590561121892e-12,268.81180717484614
SMARCA4,ENSE00002755975,non_canonical,11,4,1.5620614839888242e-7,1.3584609701098262e-4,19.321199974399445
SMARCE1,ENSE00002696244,non_canonical,6,1,1.5548361853259353e-9,2.453435325010182e-6,267.3539111685986
SMCHD1,ENSE00003935666,non_canonical,9,14,1.1403330815757215e-7,1.0206981372279528e-4,20.319999397559403
SMPD1,ENSE00002171516,non_canonical,0,34,3.773805876364467e-5,0.01486792091213244,0
SMS,ENSE00001667048,non_canonical,0,57,2.0403021766503047e-5,0.008828796211362748,0
SOS1,ENSE00003929655,non_canonical,15,56,4.782181196384965e-6,0.0025818717951276286,5.705928403532523
SOS2,ENSE00002494482,non_canonical,5,9,8.606628208299788e-6,0.004284001670121514,44.646389391514916
SOX10,ENSE00001765670,non_canonical,18,1,3.7354295268790726e-10,7.522958465580406e-7,56.066941446856404
SOX5,ENSE00003589058,non_canonical,13,3,1.3831712261510746e-17,1.176156599303797e-13,225.0753833704947
SOX9,ENSE00003842779,canonical,2,116,4.568616506690247e-12,1.427086617375529e-8,0.03209694081034889
SPAST,ENSE00003823726,non_canonical,38,5,2.96160757664294e-21,4.31717767315208e-17,32.03458914099054
SPTAN1,ENSE00003774680,non_canonical,8,8,5.6610940738832e-8,5.7765803929904174e-5,27.06765496101378
SPTB,ENSE00002515904,non_canonical,5,21,3.096977739523213e-5,0.012507214058348893,36.7219674233171
STAT1,ENSE00003972849,non_canonical,9,1,2.7126314775102533e-6,0.0015999821732089379,42.62139002981084
STAT3,ENSE00001878168,non_canonical,13,2,7.114793983559254e-6,0.0036239280103946073,16.614864540142843
STAT6,ENSE00001533101,non_canonical,3,2,3.740576359327717e-5,0.014775035291837428,109.84816133608439
STIM1,ENSE00003975148,non_canonical,5,13,2.0559389646223932e-8,2.3483732680977875e-5,121.23955663453778
STK11,ENSE00002753065,non_canonical,22,17,3.453031980751207e-13,1.2435789999383054e-9,14.773986486462022
SYNGAP1,ENSE00003468277,non_canonical,21,49,3.164153672755482e-6,0.001794043076877228,4.624262760001354
TBX4,ENSE00002833355,non_canonical,4,11,2.8344930350977445e-5,0.011584713056129793,41.384353867293306
TBX5,ENSE00003664921,non_canonical,8,12,1.7731899820020775e-5,0.007844059498417282,13.561207894890575
TCF4,ENSE00002623377,non_canonical,35,10,6.679229973588272e-32,4.089291759029684e-27,66.54963945975281
TCOF1,ENSE00002034512,non_canonical,3,1,1.4369041121858555e-4,0.04502201502787453,90.67064965763396
TFAP2A,ENSE00001851244,non_canonical,18,3,1.6406044666287977e-18,1.5694432478887735e-14,110.24751020601323
TFE3,ENSE00003487180,canonical,12,11,2.8514961629367405e-8,3.174181837811618e-5,18.571543144351747
TGFBI,ENSE00003562022,non_canonical,4,7,5.281959269651435e-6,0.002816922250218985,74.36499827039692
TGFBR2,ENSE00003892927,non_canonical,27,3,7.68356648788256e-8,7.304637805188228e-5,13.414971562739002
TGM1,ENSE00000654401,canonical,12,16,1.3482237263158458e-5,0.006243846400904791,6.910373286043498
THRB,ENSE00000997545,non_canonical,0,45,7.896008999313472e-10,1.3983902347962626e-6,0
TMEM67,ENSE00003921108,non_canonical,8,18,1.0116555482252997e-5,0.004947092594612281,10.781132592363084
TNFRSF1A,ENSE00002271152,non_canonical,12,7,3.7697515221371775e-8,4.02089315664332e-5,16.287389814939544
TNNI3,ENSE00002821271,non_canonical,0,25,5.550156611145295e-5,0.020569176050893437,0
TNNT2,ENSE00003847221,non_canonical,11,7,1.2637890206066861e-7,1.1246252761282522e-4,15.816581233686406
TP53,ENSE00004023721,non_canonical,40,19,8.542283905823413e-6,0.004273671095844804,3.6057588536491085
TP63,ENSE00003678146,non_canonical,10,3,2.4563078129667817e-5,0.01027219873914469,13.693290097951932
TPM1,ENSE00002563425,non_canonical,9,0,5.876641535207988e-8,5.937153487649734e-5,Inf
TPM3,ENSE00001774775,non_canonical,4,1,1.2491622503249726e-4,0.040041209221935145,55.17681302319757
TRIO,ENSE00003565792,non_canonical,6,2,1.786529064367319e-10,3.9629875158269836e-7,247.35402009410984
TSC1,ENSE00003825575,canonical,6,28,2.2419060650724796e-7,1.825245437872307e-4,34.056191375309446
TSC2,ENSE00003819515,non_canonical,15,17,2.3132436907006e-9,3.540650792986338e-6,11.194210681138395
TUBA1A,ENSE00002348418,non_canonical,51,46,2.658982697472281e-9,3.9512999191758e-6,0.2587964664376698
TUBB3,ENSE00002447809,non_canonical,3,44,9.226548164717668e-5,0.03138256582425969,0.14941842670703367
TYR,ENSE00001153836,canonical,0,37,3.9506798622240236e-5,0.015485046343457338,0
U2AF2,ENSE00002826846,non_canonical,5,0,4.91295866714621e-5,0.01875255495245384,Inf
UMOD,ENSE00002636151,non_canonical,0,25,1.6684931602013846e-5,0.007499085105251909,0
VHL,ENSE00004021411,non_canonical,9,40,4.225566018647742e-5,0.01639455348071542,0.24069984574120623
VWF,ENSE00001749068,canonical,63,194,5.844700272383598e-15,2.9819660789701115e-11,4.390616023398111
WAS,ENSE00001936429,non_canonical,0,52,4.996922129612355e-8,5.1852806858201154e-5,0
WDR37,ENSE00003992109,canonical,5,13,5.693822388699841e-6,0.003020784938698086,85.75927307424037
WT1,ENSE00003847376,non_canonical,29,15,2.423152374589706e-8,2.71712602530916e-5,6.018699071184263
YY1,ENSE00001300652,canonical,1,76,8.782925758134984e-28,2.987365814533646e-23,0.006210465410206281
ZBTB20,ENSE00003991498,non_canonical,20,117,2.4647865014101293e-12,7.942320461175461e-9,0.20765993362158222
ZEB2,ENSE00003792232,non_canonical,17,0,6.2650356730307485e-16,3.6185900381663637e-12,Inf
