gene,ensembl_exon_id,isoform_type,variant_count_clinvar,variant_count_gnomad,fisher_p,fdr,odds_ratio,avg_rank_score
PCDH19,ENSE00001174648,canonical,105,125,4.677748439471045e-22,7.955290846060425e-18,Inf,42.5
KCNQ2,ENSE00004020593,non_canonical,30,0,1.0788124938039849e-18,1.065309937429922e-14,Inf,53.5
CHD2,ENSE00003770198,non_canonical,15,0,3.017592728070499e-18,2.7168984879910034e-14,Inf,56.5
ZEB2,ENSE00003792232,non_canonical,17,0,6.2650356730307485e-16,3.6185900381663637e-12,Inf,73.5
DHDDS,ENSE00001843824,non_canonical,7,8,3.4964806246390094e-13,1.2445844753656902e-9,Inf,96.5
CACNA1A,ENSE00003795205,non_canonical,17,1,6.349544588151025e-19,6.941866390445685e-15,227.29675576833026,104
CACNA1A,ENSE00003799707,non_canonical,17,1,6.349544588151025e-19,6.941866390445685e-15,227.29675576833026,104
CACNA1A,ENSE00003799883,non_canonical,17,1,6.349544588151025e-19,6.941866390445685e-15,227.29675576833026,104
KCNQ2,ENSE00003763223,non_canonical,18,0,1.9566169562615965e-11,5.208344196963478e-8,Inf,113.5
SOX5,ENSE00003589058,non_canonical,13,3,1.3831712261510746e-17,1.176156599303797e-13,225.0753833704947,116
GNAS,ENSE00003880815,non_canonical,12,0,4.255220919767797e-11,1.085506856632765e-7,Inf,116.5
MITF,ENSE00003928888,non_canonical,10,1,3.524217567128371e-15,1.9264883600881017e-11,433.59397678221006,118
SMARCA2,ENSE00003788132,non_canonical,12,1,1.4069610055070616e-15,7.97590561121892e-12,268.81180717484614,120
CDKL5,ENSE00003754933,non_canonical,23,5,8.993470248270214e-19,9.288909132686794e-15,112.02147571695473,125.5
ATN1,ENSE00002282986,non_canonical,7,1,1.4281261405494544e-10,3.2383553640370297e-7,Inf,127.5
MYT1L,ENSE00001929052,non_canonical,7,0,1.6020412341767444e-10,3.606006342692537e-7,Inf,128.5
CHD3,ENSE00003916659,non_canonical,12,1,8.458911083290146e-15,4.046002907526218e-11,233.17045756156878,135
CBL,ENSE00003979906,non_canonical,10,18,2.6676683566364584e-13,1.0605540744591592e-9,270.3441831257141,138
TFAP2A,ENSE00001851244,non_canonical,18,3,1.6406044666287977e-18,1.5694432478887735e-14,110.24751020601323,138
PAX6,ENSE00001819707,non_canonical,25,1,1.750515331101558e-17,1.2178812571745658e-13,110.74967346685771,142
PAX6,ENSE00002150960,non_canonical,25,1,1.750515331101558e-17,1.2178812571745658e-13,110.74967346685771,142
PAX6,ENSE00003802022,non_canonical,25,1,1.750515331101558e-17,1.2178812571745658e-13,110.74967346685771,142
PAX6,ENSE00003803770,non_canonical,25,1,1.750515331101558e-17,1.2178812571745658e-13,110.74967346685771,142
PAX6,ENSE00003805043,non_canonical,25,1,1.750515331101558e-17,1.2178812571745658e-13,110.74967346685771,142
PAX6,ENSE00003807339,non_canonical,25,1,1.750515331101558e-17,1.2178812571745658e-13,110.74967346685771,142
PAX6,ENSE00003810943,non_canonical,25,1,1.750515331101558e-17,1.2178812571745658e-13,110.74967346685771,142
COL6A1,ENSE00002442314,canonical,11,2,7.64485430703398e-15,3.71467111185594e-11,169.07061814421502,144
MITF,ENSE00003675253,non_canonical,10,2,2.0733682505653173e-14,9.333816012691985e-11,217.61127185672635,144
IKBKG,ENSE00001692514,non_canonical,7,0,3.775873181128522e-10,7.554707831418714e-7,Inf,144.5
SKI,ENSE00001477855,canonical,15,93,3.8683513432271327e-10,7.689478657069415e-7,Inf,145.5
DNAJB6,ENSE00001663093,non_canonical,6,6,5.294530318791204e-10,1.012976013242727e-6,Inf,150.5
MFRP,ENSE00003594772,canonical,5,0,1.0248473937572072e-9,1.7625072144772823e-6,Inf,153.5
TCF4,ENSE00002623377,non_canonical,35,10,6.679229973588272e-32,4.089291759029684e-27,66.54963945975281,155
GATA3,ENSE00001381352,non_canonical,11,0,1.2054283914408553e-9,2.0275040614718387e-6,Inf,157
GATA3,ENSE00001751140,canonical,11,0,1.2054283914408553e-9,2.0275040614718387e-6,Inf,157
MEIS2,ENSE00002542916,non_canonical,6,1,5.696077535031211e-11,1.3949466040190036e-7,500.46143677683546,157
MEIS2,ENSE00002561603,non_canonical,6,1,5.696077535031211e-11,1.3949466040190036e-7,500.46143677683546,157
MEIS2,ENSE00003485732,non_canonical,6,1,5.696077535031211e-11,1.3949466040190036e-7,500.46143677683546,157
KCNQ2,ENSE00003798266,non_canonical,15,0,1.2331316504409288e-9,2.044478765064036e-6,Inf,160
MACF1,ENSE00003928054,non_canonical,9,10,3.2191610516013646e-14,1.4281877987191447e-10,111.39879234780891,162
NALCN,ENSE00003901132,non_canonical,6,0,1.490415502140361e-9,2.4139999656889278e-6,Inf,163.5
KIF1A,ENSE00003840655,non_canonical,6,2,7.201113298114397e-11,1.735751813243133e-7,354.75070796257273,165
DICER1,ENSE00002156924,non_canonical,18,8,2.6866550576379685e-19,3.2897553849765394e-15,65.42483682505016,166.5
KCNQ2,ENSE00004020495,canonical,40,2,4.0703316422619165e-22,7.32947013134834e-18,62.45563473348331,168
PHF3,ENSE00000757767,canonical,10,249,2.0931814304358625e-9,3.219923112990082e-6,Inf,173.5
COL6A1,ENSE00002473380,canonical,12,4,5.220838010268677e-15,2.7088185283109275e-11,94.35709360674045,174
MACF1,ENSE00001936583,non_canonical,6,3,5.321004557865076e-11,1.335135996109555e-7,226.6653421902857,174
PAX6,ENSE00002146291,non_canonical,12,0,2.464152544443485e-9,3.7158934822908357e-6,Inf,176.5
PAX3,ENSE00003818404,non_canonical,33,8,1.0031226265425593e-24,2.558965820310069e-20,52.95342649937067,177
TRIO,ENSE00003565792,non_canonical,6,2,1.786529064367319e-10,3.9629875158269836e-7,247.35402009410984,180
SH3BP2,ENSE00004023890,non_canonical,5,17,5.381487122932264e-9,7.321692613653443e-6,Inf,194.5
DICER1,ENSE00002141562,non_canonical,18,10,2.1197645276115354e-18,1.966370658158919e-14,52.3210920308242,195
GABRG2,ENSE00002093854,non_canonical,8,0,5.8952000710382165e-9,7.915081779588678e-6,Inf,197.5
TCF4,ENSE00003772655,non_canonical,13,2,9.649796398976727e-13,3.246149091928303e-9,77.79547706272712,203
COL6A2,ENSE00003507459,non_canonical,17,5,3.041411459220345e-16,1.8255625017579058e-12,56.610808536188756,203
GABRB3,ENSE00002439631,non_canonical,16,2,2.0738998202970666e-13,8.464829506524507e-10,70.47474719001359,203
MACF1,ENSE00001955262,non_canonical,6,5,2.88381477560215e-10,5.964820129103582e-7,137.12817516026192,206
MACF1,ENSE00003923086,non_canonical,6,5,2.88381477560215e-10,5.964820129103582e-7,137.12817516026192,206
SPAST,ENSE00003817302,non_canonical,27,2,1.4529263314756464e-16,9.076934869210711e-13,53.81911061926091,207
BRCA2,ENSE00003744847,non_canonical,23,16,5.641268948198826e-23,1.0793157815141405e-18,43.56875173135415,208
BRCA2,ENSE00004020685,non_canonical,23,16,5.641268948198826e-23,1.0793157815141405e-18,43.56875173135415,208
REEP1,ENSE00003923006,non_canonical,8,3,2.7712375175953267e-10,5.81048786908412e-7,111.92258979950343,212
SMARCE1,ENSE00002696244,non_canonical,6,1,1.5548361853259353e-9,2.453435325010182e-6,267.3539111685986,214.5
SMARCE1,ENSE00003815253,non_canonical,6,1,1.5548361853259353e-9,2.453435325010182e-6,267.3539111685986,214.5
SMARCE1,ENSE00003816296,non_canonical,6,1,1.5548361853259353e-9,2.453435325010182e-6,267.3539111685986,214.5
NR2F1,ENSE00003824398,non_canonical,45,1,4.507355390019908e-14,1.94336849576464e-10,61.01265205034949,216
MYT1L,ENSE00003840964,non_canonical,7,1,1.2422352355347928e-9,2.044478765064036e-6,186.4523878239649,220.5
BRAF,ENSE00003819317,non_canonical,20,5,6.433360689243858e-17,4.204495003693403e-13,46.472695524477324,225.5
COL6A2,ENSE00003511430,non_canonical,14,4,1.868157046231934e-13,7.833975821815337e-10,53.72285562994405,227
HCN4,ENSE00001714815,canonical,11,18,6.7504472479476686e-12,1.949478218435604e-8,65.16948740935736,227
KCNQ2,ENSE00003770127,non_canonical,13,0,1.9380440394209147e-8,2.2303535389004902e-5,Inf,227.5
RORA,ENSE00002543887,non_canonical,5,1,3.7446071748337606e-9,5.258252974128948e-6,468.07958105660265,228
RORA,ENSE00002573238,non_canonical,5,1,3.7446071748337606e-9,5.258252974128948e-6,468.07958105660265,228
IKZF1,ENSE00003600388,non_canonical,6,3,1.513492706498735e-9,2.438475722702067e-6,149.72543528827924,228
HCN1,ENSE00003798225,non_canonical,13,4,8.087147303359292e-13,2.7507083694492738e-9,57.58361717320869,229
FGFR2,ENSE00003551993,non_canonical,19,8,5.759983077145567e-17,3.9183244879462246e-13,43.12233216312649,237
GABRB2,ENSE00003737234,non_canonical,26,11,8.574222315585703e-20,1.1930640614759524e-15,38.14843716959279,239
KCNN2,ENSE00003534801,non_canonical,4,1,8.004286804963461e-9,1.0426690539299637e-5,908.7262810589248,240
KCNQ4,ENSE00003677491,non_canonical,9,7,9.595629812365237e-11,2.2595493832009587e-7,67.61073612966109,240
CDK13,ENSE00003826183,non_canonical,7,4,4.788459838423278e-10,9.336581692599579e-7,89.72518874179372,248
TPM1,ENSE00002563425,non_canonical,9,0,5.876641535207988e-8,5.937153487649734e-5,Inf,253
TPM1,ENSE00003657595,non_canonical,9,0,5.876641535207988e-8,5.937153487649734e-5,Inf,253
CAMTA1,ENSE00001317856,non_canonical,3,0,6.240224843787827e-8,6.245002298002514e-5,Inf,256.5
GNAS,ENSE00001946001,non_canonical,15,2,1.0652847975450836e-11,2.9378827227432524e-8,48.656721914834925,260
PAX6,ENSE00002141603,non_canonical,10,0,6.849816982099535e-8,6.699252314889169e-5,Inf,262.5
RAF1,ENSE00001666451,non_canonical,24,11,1.309725564748259e-19,1.7431877820901612e-15,32.26035928488484,266
SPAST,ENSE00003823726,non_canonical,38,5,2.96160757664294e-21,4.31717767315208e-17,32.03458914099054,266
RNF213,ENSE00003529999,non_canonical,7,22,1.4395393897877696e-9,2.34399892554166e-6,68.95901873270061,275
SOX10,ENSE00001765670,non_canonical,18,1,3.7354295268790726e-10,7.522958465580406e-7,56.066941446856404,276
SOX5,ENSE00002300020,non_canonical,7,2,4.00727768694469e-9,5.598973659019039e-6,106.56211671060625,277.5
RNF213,ENSE00003656527,non_canonical,6,12,3.4290011962041737e-9,4.998504029438199e-6,92.7484598938057,278
BRAF,ENSE00003829438,non_canonical,13,3,2.812267455934437e-11,7.42147684147112e-8,44.514236781781825,280
CDK13,ENSE00003520262,non_canonical,5,1,2.4017145519991557e-8,2.7029884509484615e-5,245.67344661021573,282
KCNC2,ENSE00002336657,non_canonical,8,25,1.0393291849040544e-7,9.525732038408057e-5,Inf,283.5
MYT1L,ENSE00003836197,non_canonical,9,5,3.2908172796188215e-10,6.715899904246091e-7,51.808047220671305,285
MAPT,ENSE00003990497,non_canonical,7,3,5.691253210360644e-9,7.708878021042478e-6,98.85327280748288,289
GRIN1,ENSE00001775900,non_canonical,9,1,8.869472534984345e-9,1.1360346997528902e-5,105.62463899827561,295.5
GRIN1,ENSE00003900523,non_canonical,9,1,8.869472534984345e-9,1.1360346997528902e-5,105.62463899827561,295.5
STIM1,ENSE00003975148,non_canonical,5,13,2.0559389646223932e-8,2.3483732680977875e-5,121.23955663453778,300
SETD5,ENSE00003933344,non_canonical,12,13,1.1538536122625828e-12,3.839322475932847e-9,36.28788296093227,307
MECP2,ENSE00001696145,non_canonical,24,4,6.4477679985959094e-15,3.235722524147836e-11,30.664348626018633,310
RYR1,ENSE00003929854,non_canonical,16,12,7.816836311846951e-13,2.6886403727894252e-9,33.78571460073723,311
GRIN2B,ENSE00000993718,non_canonical,15,0,1.9796543563283375e-7,1.6378697069168395e-4,Inf,312
GRIN2B,ENSE00003771857,non_canonical,15,0,1.9796543563283375e-7,1.6378697069168395e-4,Inf,312
MEF2C,ENSE00002026825,non_canonical,20,4,2.3273087233792954e-13,9.374154557906184e-10,31.9838631429228,316
HECW2,ENSE00003830655,non_canonical,8,3,4.023827926905098e-9,5.598973659019039e-6,61.98111268979541,317.5
DDX6,ENSE00003563747,non_canonical,5,0,2.521260529414282e-7,2.047236799109549e-4,Inf,319.5
SMARCA2,ENSE00001776828,non_canonical,12,8,1.032305929418133e-11,2.872813555577081e-8,33.55647061885069,326
SMARCA2,ENSE00004282746,non_canonical,12,8,1.032305929418133e-11,2.872813555577081e-8,33.55647061885069,326
MTOR,ENSE00001846408,non_canonical,6,2,3.70174408389596e-8,3.990063024514899e-5,105.08980600165249,330
GRIN2D,ENSE00001131295,canonical,7,8,8.796866535381582e-9,1.1360346997528902e-5,64.12961615799686,332
FGFR2,ENSE00001869780,non_canonical,15,8,1.3655744571224645e-12,4.49494250337988e-9,30.014485290486974,337
DNMT1,ENSE00002853940,non_canonical,4,5,1.0562032638212608e-7,9.604865483173605e-5,240.19384391587366,337
GNAS,ENSE00003916924,non_canonical,28,7,9.103203775663263e-19,9.288909132686794e-15,26.974631076224647,338.5
ZBTB20,ENSE00001906107,non_canonical,25,1,1.1785792406248241e-9,2.004370428555951e-6,40.04078962630364,341
CDK13,ENSE00003816935,non_canonical,5,2,8.267779462579166e-8,7.811520521866463e-5,122.07088867955599,343
ATRX,ENSE00003757706,non_canonical,10,3,1.573941445395801e-9,2.470845924433654e-6,42.413081848739466,344
PKD1,ENSE00002586617,non_canonical,7,1,5.509932247490966e-8,5.6600686563823304e-5,95.57190633321481,344
GRIA2,ENSE00003989834,non_canonical,10,5,5.209971263569735e-10,1.0030669202540676e-6,38.09812056334314,346
TRIO,ENSE00002086579,non_canonical,5,4,6.489444728211103e-8,6.408222000645106e-5,98.89311409105228,351
TRIO,ENSE00003619340,non_canonical,5,4,6.489444728211103e-8,6.408222000645106e-5,98.89311409105228,351
STK11,ENSE00004023553,non_canonical,13,4,1.8481134382424098e-10,4.0701042137752987e-7,31.876317022963608,356
POLR2A,ENSE00003740422,canonical,7,2,3.908686678915145e-8,4.111777203262901e-5,67.70885393226645,358
POLR2A,ENSE00003899062,non_canonical,7,2,3.908686678915145e-8,4.111777203262901e-5,67.70885393226645,358
NSD1,ENSE00003925601,non_canonical,15,3,1.2353755309958324e-10,2.864948163245789e-7,30.591412532152493,358
NSD1,ENSE00003937839,non_canonical,15,3,1.2353755309958324e-10,2.864948163245789e-7,30.591412532152493,358
NFIB,ENSE00001910446,non_canonical,7,21,7.751434210605475e-7,5.380655420749542e-4,Inf,361.5
APP,ENSE00001948125,non_canonical,5,17,8.324325293719419e-7,5.752240313574241e-4,Inf,363.5
IHH,ENSE00001075357,canonical,11,11,5.837361466005248e-9,7.87195194701994e-6,43.168184885468,366
NR4A2,ENSE00003979218,non_canonical,8,4,9.535654904481194e-9,1.1963338849835178e-5,46.50971294000124,366
NR4A2,ENSE00003979229,non_canonical,8,4,9.535654904481194e-9,1.1963338849835178e-5,46.50971294000124,366
KCNQ4,ENSE00003472039,non_canonical,6,3,7.185506471392873e-8,6.938887195655478e-5,76.8999121733151,370
DDX3X,ENSE00003824510,non_canonical,36,4,3.4541521160946594e-16,2.033432780344033e-12,24.458185083153708,371
CHD4,ENSE00003820250,non_canonical,10,3,3.4923142334545527e-9,5.066517847340144e-6,39.4441321578419,373
BRCA1,ENSE00003683848,non_canonical,20,4,4.844050173227342e-13,1.7044375161245448e-9,27.507597586808043,374
CIC,ENSE00003919718,non_canonical,4,3,2.1248058635617583e-7,1.7345215225427347e-4,188.1945327858408,377
ITPR1,ENSE00003548100,non_canonical,10,4,2.01852581380068e-9,3.1207632430336573e-6,36.32499676224348,377
GABRB3,ENSE00003598720,non_canonical,9,1,8.153286005115223e-8,7.727194773640471e-5,66.93204317322984,390
BRIP1,ENSE00003919213,canonical,5,34,3.6323380550417846e-7,2.8150160136946613e-4,141.57115011851104,393
GRIN2B,ENSE00003764627,non_canonical,27,2,7.379580541827503e-11,1.75119162439088e-7,27.936660181391307,394
KCNQ1,ENSE00004020984,canonical,21,3,1.1768015277863054e-11,3.216450747195927e-8,27.13718380025257,395
CERT1,ENSE00003823629,non_canonical,3,0,1.545739344415709e-6,9.617514799035303e-4,Inf,395.5
HSPB8,ENSE00002261512,non_canonical,3,3,1.5854865826612478e-6,9.82488163328464e-4,Inf,397.5
KCNH1,ENSE00003809378,non_canonical,12,13,3.0354784544134057e-11,7.874751393771455e-8,27.079972893555173,399
GABRB2,ENSE00003900424,non_canonical,11,3,4.640395839599026e-9,6.341598100080598e-6,35.45025454821741,401
CACNA1A,ENSE00003792703,non_canonical,14,7,7.997756458282531e-12,2.2669196361198594e-8,26.344503254686238,402
AAAS,ENSE00002404986,non_canonical,6,2,1.525443461128919e-7,1.334196435202242e-4,73.21765946788967,404
AAAS,ENSE00002421810,non_canonical,6,2,1.525443461128919e-7,1.334196435202242e-4,73.21765946788967,404
PAX6,ENSE00002175000,non_canonical,53,14,6.109010976251383e-27,1.7000822182273394e-22,18.03955767271672,406
CACNA1A,ENSE00003796225,non_canonical,9,3,1.0939237224739764e-8,1.3502900400150549e-5,38.642412800321445,406
DEAF1,ENSE00002176029,non_canonical,19,10,1.9989671414130158e-13,8.269240828775032e-10,22.28450234827585,408
CACNA1A,ENSE00002752813,non_canonical,11,5,9.705601614973734e-10,1.6881129354407724e-6,28.58433211587974,408
CSNK2A1,ENSE00003822061,non_canonical,10,2,2.1602864317558192e-8,2.449284749959598e-5,41.27507573782611,409
KCNH1,ENSE00003801206,non_canonical,14,19,4.125016327434537e-12,1.301804121808516e-8,22.817803065886324,414
KCNH1,ENSE00003803144,non_canonical,14,19,4.125016327434537e-12,1.301804121808516e-8,22.817803065886324,414
KIF5C,ENSE00003904957,non_canonical,3,2,2.5919225326193493e-6,0.0015317361499718827,Inf,418.5
MEF2C,ENSE00002043345,non_canonical,7,0,2.9988087447213607e-6,0.0017239368527988265,Inf,429
CBS,ENSE00001905316,non_canonical,9,0,3.1923082942378656e-6,0.0018030063007972242,Inf,436.5
GNAS,ENSE00003921299,non_canonical,15,4,2.3253327687177007e-10,4.909178394205948e-7,24.279785851199936,438
BMPR2,ENSE00003482012,non_canonical,19,10,7.491177357125226e-12,2.143176834171191e-8,21.089269355961523,438
PAX6,ENSE00001903809,non_canonical,11,1,1.2896610135009845e-7,1.1443218245012214e-4,46.92027212263231,443
YY1,ENSE00001188710,canonical,17,0,3.959465893727959e-6,0.0021779426834876775,Inf,446.5
YY1,ENSE00002436397,non_canonical,17,0,3.959465893727959e-6,0.0021779426834876775,Inf,446.5
YY1,ENSE00002485759,non_canonical,17,0,3.959465893727959e-6,0.0021779426834876775,Inf,446.5
YY1,ENSE00003842270,non_canonical,17,0,3.959465893727959e-6,0.0021779426834876775,Inf,446.5
YY1,ENSE00003990604,non_canonical,17,0,3.959465893727959e-6,0.0021779426834876775,Inf,446.5
YY1,ENSE00003991730,non_canonical,17,0,3.959465893727959e-6,0.0021779426834876775,Inf,446.5
COL6A1,ENSE00002514254,canonical,6,3,2.0007487106183968e-7,1.650860364675212e-4,54.85452364991493,448
NSD1,ENSE00003925502,non_canonical,32,13,5.221066671333984e-18,4.566494084082169e-14,16.084607638124204,451
AGO1,ENSE00003789507,non_canonical,5,4,1.207366648874857e-6,7.6999808031994e-4,149.12828107662835,452
NSD1,ENSE00003923942,non_canonical,17,5,5.863286267136263e-11,1.424499358806153e-7,20.96181676867488,454
H3-3B,ENSE00002949366,non_canonical,12,1,1.3333657146820985e-7,1.1796818282615144e-4,45.638119086760355,456
MAP3K7,ENSE00003980256,non_canonical,3,0,5.794721974068624e-6,0.0030689970427368292,Inf,465.5
RHEB,ENSE00003464369,canonical,4,0,6.128014216992997e-6,0.0032176804667339563,Inf,466.5
DDX3X,ENSE00003735567,non_canonical,20,2,1.6256597469046648e-9,2.539015110828857e-6,25.761101023975897,467
IQSEC2,ENSE00003808418,non_canonical,5,2,8.734046367049404e-7,6.000014870992253e-4,77.84850308999296,467.5
FBXO11,ENSE00003922358,non_canonical,6,0,6.156819681033647e-6,0.003227269932804829,Inf,467.5
SMARCA2,ENSE00003789655,non_canonical,4,0,6.19806688452897e-6,0.0032433371533196723,Inf,468.5
RYR2,ENSE00004022481,non_canonical,9,1,3.8545245616612223e-07,2.9572607990369256e-4,52.272840530511836,472
KCNT1,ENSE00003903583,non_canonical,10,8,3.5584128354179105e-9,5.066517847340144e-6,25.968745359193363,478
IMPDH1,ENSE00001903979,non_canonical,8,9,6.759773943685495e-8,6.632378203977576e-5,33.43450635811165,479
RUNX1,ENSE00003488338,non_canonical,10,8,9.751953132268634e-9,1.2184766909592139e-5,27.981265683528324,481
CACNA1A,ENSE00003793744,non_canonical,9,4,3.326003650799457e-8,3.597725221140388e-5,28.98810029330588,481
CACNA1A,ENSE00003798066,non_canonical,9,4,3.326003650799457e-8,3.597725221140388e-5,28.98810029330588,481
MMAB,ENSE00002202468,non_canonical,12,18,2.335849693939216e-9,3.5574642204411585e-6,22.882795880681538,484
CTCF,ENSE00003824919,canonical,16,5,4.653832438886028e-10,9.132251193537121e-7,20.65279599230668,484
HECW2,ENSE00003831152,non_canonical,8,6,6.568814090152038e-8,6.46574073722618e-5,31.05350394094579,488
CTCF,ENSE00003685484,non_canonical,13,3,6.694233219088062e-9,8.78672242537228e-6,26.800295412155613,491.5
CTCF,ENSE00003819155,non_canonical,13,3,6.694233219088062e-9,8.78672242537228e-6,26.800295412155613,491.5
CTCF,ENSE00003821376,canonical,13,3,6.694233219088062e-9,8.78672242537228e-6,26.800295412155613,491.5
CTCF,ENSE00003824080,non_canonical,13,3,6.694233219088062e-9,8.78672242537228e-6,26.800295412155613,491.5
CACNA1A,ENSE00003797917,non_canonical,7,2,3.681540753252384e-7,2.8459425641051006e-4,44.691193564698004,492
COL11A1,ENSE00003788304,non_canonical,5,2,1.23257167592022e-6,7.844383397769183e-4,74.28295608493134,494
PHIP,ENSE00003978906,non_canonical,5,2,1.3830341951712936e-6,8.711407979955482e-4,72.89258737509182,501
STK11,ENSE00002753065,non_canonical,22,17,3.453031980751207e-13,1.2435789999383054e-9,14.773986486462022,505
STK11,ENSE00002942431,non_canonical,22,17,3.453031980751207e-13,1.2435789999383054e-9,14.773986486462022,505
GABRG2,ENSE00003802864,non_canonical,9,3,8.977307772022629e-8,8.35928699570951e-5,30.897887023450078,506.5
GABRG2,ENSE00003809547,non_canonical,9,3,8.977307772022629e-8,8.35928699570951e-5,30.897887023450078,506.5
PBX1,ENSE00002567841,non_canonical,3,0,1.2087221389547016e-5,0.0057053565588429875,Inf,508
GABRA1,ENSE00002100022,non_canonical,8,2,2.912097831839348e-7,2.3397674233140717e-4,39.76073335147103,509
ATRX,ENSE00003560102,non_canonical,7,2,5.308974858234209e-7,3.954217478351961e-4,43.06286783535087,513
RUNX2,ENSE00003676933,non_canonical,11,12,2.8393939292876387e-9,4.178823411699673e-6,20.775414150052285,514
CDK13,ENSE00003819081,non_canonical,6,8,2.1102860574845194e-7,1.7272747805271687e-4,37.625090468063625,515
CDK13,ENSE00003830048,non_canonical,6,8,2.1102860574845194e-7,1.7272747805271687e-4,37.625090468063625,515
KCNH2,ENSE00001875160,non_canonical,44,32,2.6685564051465535e-19,3.2897553849765394e-15,10.955964746156944,521.5
RPGR,ENSE00003830281,non_canonical,10,7,1.4327970333763021e-8,1.7336277780915164e-5,22.810757397733283,529
TSC1,ENSE00003825575,canonical,6,28,2.2419060650724796e-7,1.825245437872307e-4,34.056191375309446,530
CHD7,ENSE00002150642,non_canonical,7,20,9.208683615880273e-8,8.542309783312936e-5,28.745036090043833,530
MSH2,ENSE00003824769,non_canonical,33,32,1.4863591977365517e-15,8.272805047474785e-12,12.288254443067178,530
TPM1,ENSE00002559184,non_canonical,6,0,1.5930585057842913e-5,0.007235416465737199,Inf,530.5
GNAS,ENSE00003921369,non_canonical,28,15,7.094554489633083e-15,3.5028790651072245e-11,12.552687825297268,531
BEST1,ENSE00003553106,non_canonical,37,19,6.455352971827713e-17,4.204495003693403e-13,11.42151283799414,533.5
DEAF1,ENSE00002175271,non_canonical,13,7,3.019868638021782e-9,4.423168361106354e-6,19.1941763107335,534
FOXP1,ENSE00003834493,non_canonical,7,4,3.442931310118013e-7,2.6886482975850155e-4,35.387241307203034,534
SPTAN1,ENSE00003774680,non_canonical,8,8,5.6610940738832e-8,5.7765803929904174e-5,27.06765496101378,535
SPTAN1,ENSE00003797351,non_canonical,8,8,5.6610940738832e-8,5.7765803929904174e-5,27.06765496101378,535
BSCL2,ENSE00003921253,non_canonical,3,5,6.556117096174642e-6,0.0033764849255766283,169.10503329333724,537.5
KIF1A,ENSE00003836543,non_canonical,6,20,5.260383199979391e-7,3.927581719945588e-4,37.538781828725675,541
FGF13,ENSE00001124987,canonical,5,4,1.7926126432969743e-5,0.007895879936491797,Inf,545
MPZ,ENSE00002145910,non_canonical,20,9,1.6639266467473936e-10,3.717965146732205e-7,14.414023547446865,546
ARID1A,ENSE00001698973,non_canonical,10,13,6.716624354949411e-9,8.78672242537228e-6,19.633621776101364,549
RPGR,ENSE00003823851,non_canonical,4,0,1.982690264361657e-5,0.008609094237253765,Inf,552.5
MECP2,ENSE00001864109,non_canonical,39,21,1.3114242997601476e-16,8.363608471720341e-13,10.441636627636688,554
DPY19L2,ENSE00001784419,canonical,3,16,2.022293648307484e-5,0.008768619428043726,Inf,554.5
BRAF,ENSE00003819862,non_canonical,10,4,6.262954741561386e-8,6.245002298002514e-5,24.410436857715805,556.5
BRAF,ENSE00003821094,non_canonical,10,4,6.262954741561386e-8,6.245002298002514e-5,24.410436857715805,556.5
IGF2,ENSE00003625034,non_canonical,4,15,2.083382772913128e-5,0.008969973761521333,Inf,556.5
CREBBP,ENSE00002640954,non_canonical,15,5,3.554896589554937e-9,5.066517847340144e-6,17.642289689685015,558
CREBBP,ENSE00002671642,non_canonical,15,5,3.554896589554937e-9,5.066517847340144e-6,17.642289689685015,558
CREBBP,ENSE00003510976,non_canonical,15,5,3.554896589554937e-9,5.066517847340144e-6,17.642289689685015,558
SATB1,ENSE00004282472,non_canonical,5,6,1.9514163539690247e-6,0.0011736101655736696,46.83477795476799,560
INF2,ENSE00003903854,canonical,20,39,4.683181735723157e-12,1.448096558524821e-8,11.63467376578371,565
WDR37,ENSE00003992109,canonical,5,13,5.693822388699841e-6,0.003020784938698086,85.75927307424037,565
TGFBI,ENSE00003562022,non_canonical,4,7,5.281959269651435e-6,0.002816922250218985,74.36499827039692,566
NFE2L2,ENSE00003976276,non_canonical,5,22,9.55083560816975e-7,6.314690704909123e-4,39.092498397568995,567.5
NFE2L2,ENSE00003976280,canonical,5,22,9.55083560816975e-7,6.314690704909123e-4,39.092498397568995,567.5
AFF3,ENSE00001647850,non_canonical,9,23,5.8297363353130976e-8,5.928899956697825e-5,21.94608722714215,570
MED13L,ENSE00003839119,non_canonical,10,10,1.6272333920122357e-8,1.926465158380849e-5,19.436976461617466,571
MED13L,ENSE00003840752,non_canonical,10,10,1.6272333920122357e-8,1.926465158380849e-5,19.436976461617466,571
CSNK2A1,ENSE00003830713,non_canonical,5,0,2.3719267589326105e-5,0.009960140184423191,Inf,572.5
HCN1,ENSE00003790877,non_canonical,13,14,4.144509730276352e-9,5.740802346752023e-6,16.304673119675567,575
CREBBP,ENSE00003796737,non_canonical,8,1,2.440899146270922e-6,0.0014508894109834072,45.04220608305012,578
LONP1,ENSE00002744653,non_canonical,3,7,1.2095833028515285e-5,0.0057053565588429875,120.83449375705989,579.5
GNAI3,ENSE00001781395,canonical,5,4,9.21299788299893e-6,0.004570960959390004,96.37935519053859,581
CDK13,ENSE00003816207,non_canonical,5,6,1.7022281038485343e-6,0.0010428989293316193,40.913190147415804,582
BEST1,ENSE00002155944,non_canonical,11,2,1.9509604851461455e-7,1.6238183341027443e-4,27.600077140737184,585.5
APTX,ENSE00001820025,non_canonical,5,14,1.6659724670748396e-6,0.0010261317738852111,39.62627144992879,589
KCNH2,ENSE00003917466,non_canonical,10,2,4.160513347401673e-7,3.1840408647665e-4,28.196744323385815,592
ITPR1,ENSE00001929326,non_canonical,7,3,9.090728897540129e-7,6.170407827305952e-4,32.1836771483698,593
STAT1,ENSE00003972849,non_canonical,9,1,2.7126314775102533e-6,0.0015999821732089379,42.62139002981084,593
TFE3,ENSE00003487180,canonical,12,11,2.8514961629367405e-8,3.174181837811618e-5,18.571543144351747,596
ATP6V0C,ENSE00002590649,non_canonical,9,2,1.2588515191121213e-6,7.995013008933663e-4,34.361765173127985,600
PCGF2,ENSE00003716723,non_canonical,3,10,3.771516766897584e-5,0.01486792091213244,Inf,605.5
APC,ENSE00003730803,non_canonical,5,18,1.3644449755487871e-6,8.612039091030818e-4,33.62338719723191,606
FAM50A,ENSE00001957967,canonical,4,2,3.797372218424847e-5,0.014941537063036171,Inf,606.5
EHMT1,ENSE00003796698,non_canonical,3,0,4.082792392969649e-5,0.015901073884680268,Inf,612.5
MET,ENSE00004014109,non_canonical,5,6,3.922123971017247e-6,0.0021779426834876775,43.675769152578916,613
RUNX2,ENSE00003677265,non_canonical,8,7,1.9520617631968179e-7,1.6238183341027443e-4,23.81592697868865,613.5
GNAO1,ENSE00003804348,non_canonical,21,3,1.655103673899658e-8,1.926465158380849e-5,16.123632482394584,613.5
GNAO1,ENSE00003807154,non_canonical,21,3,1.655103673899658e-8,1.926465158380849e-5,16.123632482394584,613.5
GNAO1,ENSE00003811073,non_canonical,21,3,1.655103673899658e-8,1.926465158380849e-5,16.123632482394584,613.5
CACNA1C,ENSE00003571437,non_canonical,5,3,4.691411849643885e-6,0.0025418318502884707,45.93092989429585,615
BRCA1,ENSE00003575366,non_canonical,19,9,9.316827483385e-10,1.629752702407895e-6,11.552394543344272,616
LMNA,ENSE00001852209,non_canonical,28,7,2.2939433325974927e-10,4.876541201213504e-7,10.650387755519057,616
MORC2,ENSE00003502149,non_canonical,6,4,2.3279895613595233e-6,0.0013864672461544303,35.06001062171004,624
BEST1,ENSE00003573083,non_canonical,37,28,7.574008199512448e-14,3.2202158194927096e-10,7.669482410505769,624
RPGR,ENSE00001915046,non_canonical,10,9,6.105358569716904e-8,6.14793541237414e-5,17.728854905856146,626
FBN2,ENSE00002052781,non_canonical,6,12,8.925745739546561e-7,6.071887301755541e-4,28.26197410544479,627
FBN2,ENSE00003989877,non_canonical,6,12,8.925745739546561e-7,6.071887301755541e-4,28.26197410544479,627
FBN2,ENSE00003989887,non_canonical,6,12,8.925745739546561e-7,6.071887301755541e-4,28.26197410544479,627
TNFRSF1A,ENSE00002271152,non_canonical,12,7,3.7697515221371775e-8,4.02089315664332e-5,16.287389814939544,627
TNFRSF1A,ENSE00003603790,non_canonical,12,7,3.7697515221371775e-8,4.02089315664332e-5,16.287389814939544,627
TNFRSF1A,ENSE00003973350,canonical,12,7,3.7697515221371775e-8,4.02089315664332e-5,16.287389814939544,627
U2AF2,ENSE00002826846,non_canonical,5,0,4.91295866714621e-5,0.01875255495245384,Inf,627
U2AF2,ENSE00003689631,non_canonical,5,0,4.91295866714621e-5,0.01875255495245384,Inf,627
MACF1,ENSE00001946076,non_canonical,3,3,1.7508613488318393e-5,0.007756493141887158,106.62900756643123,627
MACF1,ENSE00003935627,non_canonical,3,3,1.7508613488318393e-5,0.007756493141887158,106.62900756643123,627
CYFIP2,ENSE00002096655,non_canonical,6,2,4.595024012571356e-6,0.002498452487972191,41.578644764174925,629
LMNA,ENSE00001915796,non_canonical,50,19,1.0613156075470635e-14,4.92257475427738e-11,7.3420945180025665,629
ITPR1,ENSE00001874895,non_canonical,10,8,6.954154210000072e-8,6.758113291318166e-5,18.123891163686533,631
ITPR1,ENSE00003834731,non_canonical,10,8,6.954154210000072e-8,6.758113291318166e-5,18.123891163686533,631
PAX6,ENSE00002186077,non_canonical,23,10,3.18085689435307e-10,6.535059815431958e-7,10.084977385152229,632
SMCHD1,ENSE00003935666,non_canonical,9,14,1.1403330815757215e-7,1.0206981372279528e-4,20.319999397559403,633
PAX6,ENSE00003801848,non_canonical,24,11,2.179118326062913e-10,4.664837076743909e-7,9.590433514373391,634
PAX6,ENSE00003808169,non_canonical,24,11,2.179118326062913e-10,4.664837076743909e-7,9.590433514373391,634
PAX6,ENSE00003808520,non_canonical,6,0,5.158037010113412e-5,0.01936272325712578,Inf,639
LMNA,ENSE00002065374,non_canonical,21,4,9.411327999953772e-9,1.1904941022090283e-5,13.767017581514516,640
KCNQ3,ENSE00003621322,non_canonical,4,8,1.0249034774563733e-5,0.004980054801888016,49.668054586611326,642
KCNQ3,ENSE00003806526,non_canonical,4,8,1.0249034774563733e-5,0.004980054801888016,49.668054586611326,642
CAMK2A,ENSE00003916120,non_canonical,3,0,5.3906039746179575e-5,0.020026355445510305,Inf,642.5
INF2,ENSE00003903253,non_canonical,12,17,1.2568515378940816e-8,1.5451702521290614e-5,13.791081489586395,644
TSC2,ENSE00003819515,non_canonical,15,17,2.3132436907006e-9,3.540650792986338e-6,11.194210681138395,644
BPTF,ENSE00003585085,non_canonical,3,6,2.5430569417431228e-5,0.01062047191004645,131.17355711895948,644
KCTD1,ENSE00002688710,canonical,2,2,5.634278953150979e-5,0.020830500883316155,Inf,645.5
MFN2,ENSE00003899537,non_canonical,24,2,8.984076249798866e-8,8.35928699570951e-5,17.86955261439113,647
SOS2,ENSE00002494482,non_canonical,5,9,8.606628208299788e-6,0.004284001670121514,44.646389391514916,650
IQSEC2,ENSE00003899419,non_canonical,5,4,4.980185127048864e-6,0.0026699374274819585,39.21451215990797,650
SMARCA2,ENSE00003790163,non_canonical,6,4,2.515296605208556e-6,0.0014922143348574481,30.325107578328502,650
ATRX,ENSE00003900993,non_canonical,7,3,1.6544611079293407e-6,0.0010210960370147777,28.688260657682907,652
ATRX,ENSE00003903908,non_canonical,7,3,1.6544611079293407e-6,0.0010210960370147777,28.688260657682907,652
SMARCA4,ENSE00002755975,non_canonical,11,4,1.5620614839888242e-7,1.3584609701098262e-4,19.321199974399445,652
SMARCA4,ENSE00003820795,non_canonical,11,4,1.5620614839888242e-7,1.3584609701098262e-4,19.321199974399445,652
LMNA,ENSE00001913839,non_canonical,53,22,8.778298370201038e-15,4.1341733801322186e-11,6.756014123386411,653
GRIN2B,ENSE00003775213,non_canonical,28,5,4.559278122042754e-9,6.258682595155731e-6,11.55648797855501,655
HUWE1,ENSE00001854675,non_canonical,8,3,9.716635507270053e-7,6.410466511822217e-4,27.45151130666947,658
GNAS,ENSE00003918096,non_canonical,10,3,4.517728833675482e-7,3.406323030947632e-4,21.276036453532125,662
GNAS,ENSE00003919967,non_canonical,10,3,4.517728833675482e-7,3.406323030947632e-4,21.276036453532125,662
PKD1,ENSE00001881431,non_canonical,18,28,4.2123500203422055e-10,8.319255407917135e-7,9.039583707248623,662
SCN8A,ENSE00003793646,non_canonical,13,1,2.7259352555056136e-6,0.001603775945052499,29.188762536944996,662.5
EXT1,ENSE00003917764,non_canonical,13,9,3.950119418411408e-8,4.141132042342809e-5,14.251337994452285,664
SCN8A,ENSE00003791800,non_canonical,17,2,2.072535183096828e-7,1.7054958877677444e-4,19.348926409614286,665
PAX6,ENSE00003809193,non_canonical,25,13,3.5316235668809106e-10,7.159606664195922e-7,8.46248338923472,669
CARD11,ENSE00001598839,non_canonical,8,15,3.3282314805468103e-7,2.6057243499360346e-4,19.68971589060207,670
CARD11,ENSE00003974283,non_canonical,8,15,3.3282314805468103e-7,2.6057243499360346e-4,19.68971589060207,670
NFE2L2,ENSE00003976211,non_canonical,4,16,9.792183043944812e-6,0.004796132917459817,40.695762712402114,672
KIT,ENSE00002043186,non_canonical,4,8,1.5701823818307775e-5,0.007152741528661274,51.038893258404656,673
NSD1,ENSE00003936682,non_canonical,9,2,1.1985501073467598e-6,7.667862187228398e-4,26.894296851953655,673
GNAO1,ENSE00002608901,non_canonical,13,1,3.0072595040983054e-6,0.0017239368527988265,28.974138607450744,676
GNAO1,ENSE00002629963,non_canonical,13,1,3.0072595040983054e-6,0.0017239368527988265,28.974138607450744,676
GNAO1,ENSE00003519494,non_canonical,13,1,3.0072595040983054e-6,0.0017239368527988265,28.974138607450744,676
GNAO1,ENSE00003611811,non_canonical,13,1,3.0072595040983054e-6,0.0017239368527988265,28.974138607450744,676
GNAO1,ENSE00003803698,non_canonical,13,1,3.0072595040983054e-6,0.0017239368527988265,28.974138607450744,676
GNAO1,ENSE00003809159,non_canonical,13,1,3.0072595040983054e-6,0.0017239368527988265,28.974138607450744,676
HR,ENSE00001813128,non_canonical,2,0,7.086669973779328e-5,0.025108465420987592,Inf,678
HR,ENSE00001902215,non_canonical,2,0,7.086669973779328e-5,0.025108465420987592,Inf,678
CACNA1A,ENSE00003797371,non_canonical,10,8,1.1149238318939453e-7,1.0008811830480192e-4,16.165824445701848,678
CACNA1A,ENSE00003800016,non_canonical,10,8,1.1149238318939453e-7,1.0008811830480192e-4,16.165824445701848,678
GABRG2,ENSE00003810990,non_canonical,14,13,1.651520640210501e-8,1.926465158380849e-5,11.834584236139,680.5
REEP1,ENSE00003701689,non_canonical,3,0,7.327015996244701e-5,0.025633670134519178,Inf,683.5
AR,ENSE00003902890,non_canonical,28,10,1.3622279444140182e-9,2.2299744296471617e-6,8.49693186886786,687
RPGR,ENSE00001931843,non_canonical,8,6,6.57591950508865e-7,4.7589136616967785e-4,20.53574419664125,688
RPGR,ENSE00003826927,non_canonical,8,6,6.57591950508865e-7,4.7589136616967785e-4,20.53574419664125,688
RPGR,ENSE00003830461,non_canonical,8,6,6.57591950508865e-7,4.7589136616967785e-4,20.53574419664125,688
CSNK2A1,ENSE00003558870,non_canonical,6,1,1.7135246530718167e-5,0.007635286270718261,46.55054329920802,689
CSNK2A1,ENSE00003819643,non_canonical,6,1,1.7135246530718167e-5,0.007635286270718261,46.55054329920802,689
CSNK2A1,ENSE00003825391,non_canonical,6,1,1.7135246530718167e-5,0.007635286270718261,46.55054329920802,689
CSNK2A1,ENSE00003827204,non_canonical,6,1,1.7135246530718167e-5,0.007635286270718261,46.55054329920802,689
INF2,ENSE00003900477,non_canonical,12,19,3.1209909555401456e-8,3.399991997544303e-5,12.321331393157232,689
INF2,ENSE00003903308,non_canonical,12,19,3.1209909555401456e-8,3.399991997544303e-5,12.321331393157232,689
STAT6,ENSE00001533101,non_canonical,3,2,3.740576359327717e-5,0.014775035291837428,109.84816133608439,689
TNNT2,ENSE00003847221,non_canonical,11,7,1.2637890206066861e-7,1.1246252761282522e-4,15.816581233686406,689
OPA1,ENSE00001889917,non_canonical,11,9,1.1094620009795326e-7,1.0008811830480192e-4,15.19269933059272,692
OPA1,ENSE00003820465,non_canonical,11,9,1.1094620009795326e-7,1.0008811830480192e-4,15.19269933059272,692
PACS2,ENSE00002380384,non_canonical,2,4,8.291828126986591e-5,0.02858439669181459,Inf,692.5
GRIN2A,ENSE00003901559,non_canonical,5,5,6.5628137028553966e-6,0.0033764849255766283,32.47839488394969,694.5
ANXA11,ENSE00003555103,non_canonical,4,17,8.713686602834245e-5,0.029937527978222436,Inf,695.5
NFE2L2,ENSE00003976558,non_canonical,5,30,3.696920171399268e-6,0.0020613865261725757,28.667627564252818,697
TSC2,ENSE00001925370,non_canonical,12,12,4.028803786954303e-8,4.209206195434988e-5,12.528061234669643,698
DDX3X,ENSE00003815690,non_canonical,15,2,5.520709361767463e-7,4.071810594653299e-4,19.001542142828807,702.5
DDX3X,ENSE00003818061,non_canonical,15,2,5.520709361767463e-7,4.071810594653299e-4,19.001542142828807,702.5
DDX3X,ENSE00003824589,non_canonical,15,2,5.520709361767463e-7,4.071810594653299e-4,19.001542142828807,702.5
DDX3X,ENSE00003825254,non_canonical,15,2,5.520709361767463e-7,4.071810594653299e-4,19.001542142828807,702.5
CDH2,ENSE00003900152,non_canonical,6,16,2.8914583508186773e-6,0.0016924153544027028,27.208916875664936,704
GRIN2A,ENSE00001862908,non_canonical,8,16,3.522677339260123e-7,2.7439236312832286e-4,17.202424852177774,704
KRT6A,ENSE00002401911,non_canonical,4,8,1.9340530421798316e-5,0.008482124889284959,45.984213536002414,708
KMT2D,ENSE00003931838,non_canonical,10,11,1.33973150293602e-7,1.1818980048379667e-4,14.510992499533858,711
TGFBR2,ENSE00003892927,non_canonical,27,3,7.68356648788256e-8,7.304637805188228e-5,13.414971562739002,713
SASH1,ENSE00000765048,canonical,5,14,6.595748246150458e-6,0.0033820610604884055,29.67655009151502,717
SASH1,ENSE00003797956,non_canonical,5,14,6.595748246150458e-6,0.0033820610604884055,29.67655009151502,717
KDM3B,ENSE00003526737,canonical,4,4,2.2382269106502707e-5,0.009556011462876721,46.163523772135036,720
GRIN2B,ENSE00003798565,non_canonical,9,0,1.0785894558990382e-4,0.03535094263809567,Inf,721
OPA1,ENSE00001929200,non_canonical,9,6,7.142850160585523e-7,5.006216624414016e-4,17.811605923077682,725.5
FGFR3,ENSE00003741759,non_canonical,7,9,1.479276251465644e-6,9.260450840463455e-4,20.978147011098667,726
DYNC1H1,ENSE00003819761,non_canonical,7,7,1.4034536568270436e-6,8.821873376342805e-4,20.938059209723505,727
VWF,ENSE00001749068,canonical,63,194,5.844700272383598e-15,2.9819660789701115e-11,4.390616023398111,728
DNAH11,ENSE00003697945,canonical,4,13,1.5137840315892112e-5,0.006916411458956558,36.65685319452947,730
DPF2,ENSE00002159943,canonical,13,20,8.894196035361389e-8,8.35181377406389e-5,12.023758129057002,732
SGCA,ENSE00002045453,non_canonical,17,21,1.9232455426952313e-8,2.2216751906787327e-5,9.347061064162922,734
ANKRD11,ENSE00003826875,non_canonical,4,5,1.9689279547264274e-5,0.008585872158131823,40.03127846210148,737
GABRG2,ENSE00003808583,non_canonical,14,15,5.441321333824247e-8,5.60840837276188e-5,10.233760359077372,738
CAPN3,ENSE00003791946,non_canonical,15,21,2.0414329827923562e-8,2.3405373209453037e-5,9.157361584918897,738
KCNT1,ENSE00003770259,non_canonical,9,12,4.356240036290209e-7,3.3008222770028684e-4,15.176939465655868,739
KCNT1,ENSE00003902786,non_canonical,9,12,4.356240036290209e-7,3.3008222770028684e-4,15.176939465655868,739
SLC6A1,ENSE00003814870,non_canonical,12,3,7.333042813657617e-7,5.101797877538341e-4,17.087074249864365,739
SLC6A1,ENSE00003820484,non_canonical,12,3,7.333042813657617e-7,5.101797877538341e-4,17.087074249864365,739
CACNA1A,ENSE00003797771,non_canonical,7,4,2.961810055345782e-6,0.0017237058824000964,22.346348174240223,739
ICOSLG,ENSE00003979605,non_canonical,2,0,1.2527403695584085e-4,0.04007198348267712,Inf,741
ICOSLG,ENSE00003979607,non_canonical,2,0,1.2527403695584085e-4,0.04007198348267712,Inf,741
NF1,ENSE00003936354,non_canonical,36,12,1.5343677632394863e-9,2.453435325010182e-6,6.548919640847162,743.5
AUTS2,ENSE00003596844,non_canonical,7,17,1.0279719894053562e-6,6.75284947203364e-4,18.169669679397057,744
AUTS2,ENSE00003820535,non_canonical,7,17,1.0279719894053562e-6,6.75284947203364e-4,18.169669679397057,744
MFN2,ENSE00003902928,non_canonical,43,10,3.639857697203057e-9,5.1584872142027765e-6,7.01604376360743,745
TNNT2,ENSE00001881035,non_canonical,11,8,2.7563286442813333e-7,2.232188689384661e-4,13.824351848644783,750
CBS,ENSE00001842478,non_canonical,12,2,2.1701474468788133e-6,0.0012949815525117785,20.551518375388056,751
CERT1,ENSE00003822846,non_canonical,3,4,5.2472865316041275e-5,0.019517610608197514,70.91149555623957,751
CERT1,ENSE00003824799,non_canonical,3,4,5.2472865316041275e-5,0.019517610608197514,70.91149555623957,751
MAST1,ENSE00002834266,non_canonical,5,7,1.0947015850780658e-5,0.005254199068886772,28.715516562427094,754
GATA2,ENSE00001949052,non_canonical,26,9,2.6042942027014397e-8,2.9095859172662945e-5,8.801739383394905,756
RPGR,ENSE00001869284,non_canonical,7,5,3.000498746953004e-6,0.0017239368527988265,21.19838598116264,757.5
SCN8A,ENSE00003797682,non_canonical,36,14,2.0061580993889425e-9,3.1173863826646853e-6,6.189907735239985,759
TBX4,ENSE00002833355,non_canonical,4,11,2.8344930350977445e-5,0.011584713056129793,41.384353867293306,761.5
TBX4,ENSE00003619598,non_canonical,4,11,2.8344930350977445e-5,0.011584713056129793,41.384353867293306,761.5
CHD3,ENSE00003917434,non_canonical,6,4,6.3118258409797274e-6,0.0032774632929916175,25.827250128827842,768.5
DSPP,ENSE00001313251,canonical,2,2,1.1718696129597552e-4,0.03796113501790902,330.81588331289873,774
LDLR,ENSE00002572374,non_canonical,53,26,1.9521261174370127e-10,4.268463193355845e-7,4.65753996510253,774
GNAS,ENSE00001595898,non_canonical,11,5,7.146598278024713e-7,5.006216624414016e-4,14.071493574174657,778.5
GNAS,ENSE00001845716,non_canonical,11,5,7.146598278024713e-7,5.006216624414016e-4,14.071493574174657,778.5
GNAS,ENSE00003861862,non_canonical,11,5,7.146598278024713e-7,5.006216624414016e-4,14.071493574174657,778.5
GNAS,ENSE00003917412,non_canonical,11,5,7.146598278024713e-7,5.006216624414016e-4,14.071493574174657,778.5
GNAS,ENSE00003919301,non_canonical,11,5,7.146598278024713e-7,5.006216624414016e-4,14.071493574174657,778.5
LDLR,ENSE00002549195,non_canonical,43,18,1.2208633925478475e-9,2.0422442717308584e-6,5.333789499632122,779
DDX3X,ENSE00003828893,non_canonical,14,2,1.7263179076095314e-6,0.0010485326148361703,17.676871585864493,779.5
DYNC1H1,ENSE00003831225,non_canonical,7,8,2.5276810782666207e-6,0.0014966609897078876,18.317515718846888,781
BAP1,ENSE00001126025,non_canonical,4,1,6.172273472591536e-5,0.02233399947316455,64.96976551313693,784
BAP1,ENSE00001840863,non_canonical,4,1,6.172273472591536e-5,0.02233399947316455,64.96976551313693,784
BAP1,ENSE00001879355,canonical,4,1,6.172273472591536e-5,0.02233399947316455,64.96976551313693,784
BAP1,ENSE00001893550,non_canonical,4,1,6.172273472591536e-5,0.02233399947316455,64.96976551313693,784
SETD5,ENSE00001539707,non_canonical,5,6,1.1455380742337194e-5,0.0054283609177155755,27.480310740754906,784
SETD5,ENSE00003483099,non_canonical,5,6,1.1455380742337194e-5,0.0054283609177155755,27.480310740754906,784
SETD5,ENSE00003502859,non_canonical,5,6,1.1455380742337194e-5,0.0054283609177155755,27.480310740754906,784
HNF1A,ENSE00003592411,non_canonical,35,17,2.5915280494185266e-9,3.888816502392153e-6,5.767764003908679,785
MAP2K1,ENSE00003924647,non_canonical,6,4,1.2967043992186358e-5,0.006041813556907288,27.735547415145515,789
HS2ST1,ENSE00003926762,non_canonical,3,7,1.04788636353976e-4,0.034492362753418424,113.07422786025793,790
CDK13,ENSE00003568082,non_canonical,5,10,1.0355034018180772e-5,0.005007791774414514,24.55267116624444,796.5
SPTB,ENSE00002515904,non_canonical,5,21,3.096977739523213e-5,0.012507214058348893,36.7219674233171,797
CDAN1,ENSE00003816249,non_canonical,4,26,3.608911031315531e-5,0.014347530453328707,38.125632513582474,797
GABBR2,ENSE00003784767,non_canonical,8,7,2.729541576415628e-6,0.001603775945052499,17.440330618426923,797.5
GNAS,ENSE00003920559,canonical,16,12,8.354873581323971e-8,7.869519694507367e-5,8.637035664335984,798
KMT2B,ENSE00002213924,non_canonical,3,3,7.230570115888056e-5,0.025441633607766113,67.22786604323665,798
TNFRSF1A,ENSE00002304303,non_canonical,9,5,1.9880330006506557e-6,0.0011932875728611347,16.286309160341883,798
IQSEC2,ENSE00003901797,non_canonical,4,3,4.524580243166217e-5,0.017510297143338082,40.161116771236195,801
MAP2K2,ENSE00003654028,non_canonical,9,19,9.536470210952803e-7,6.314690704909123e-4,14.058823181911585,802
PKD1,ENSE00002593544,non_canonical,9,9,9.355043399298694e-7,6.252763941906804e-4,13.727825986324241,805
RYR2,ENSE00004022523,non_canonical,8,2,1.027355558983017e-5,0.004984058379015549,22.945197376733624,805
DHX30,ENSE00003561641,non_canonical,6,7,1.0176500900812113e-5,0.0049684696264060664,22.693360588948813,806
PAX9,ENSE00002513824,non_canonical,11,14,7.84980436921866e-7,5.436611116527638e-4,12.8195226458007,807
MAST1,ENSE00001741199,canonical,4,4,4.114895672647616e-5,0.016005741592260335,37.942356958316644,811
ATP7B,ENSE00003897217,non_canonical,40,57,1.0893137509676745e-9,1.862909080705165e-6,4.047441151840107,815
NAA10,ENSE00001842041,canonical,18,3,1.0947881197130566e-6,7.145768426579124e-4,13.6978567142416,817
NIPBL,ENSE00003521407,non_canonical,8,14,2.162341572503547e-6,0.0012928437542476287,14.802436966622,821
AUTS2,ENSE00003814409,non_canonical,6,14,5.466984302380462e-6,0.0029105273645994903,18.548887405247307,825
SDHB,ENSE00004022587,non_canonical,14,10,3.8433971897577586e-7,2.95613253198152e-4,10.034079020620672,825
ATP1A3,ENSE00001829832,non_canonical,14,14,9.449151831595998e-7,6.288205127582972e-4,11.88816024964005,831
COL7A1,ENSE00003541804,non_canonical,28,18,1.8808524835649665e-8,2.1809339479882862e-5,5.752140637357315,834
WT1,ENSE00003847376,non_canonical,29,15,2.423152374589706e-8,2.71712602530916e-5,6.018699071184263,835
NOTCH1,ENSE00003913226,non_canonical,4,12,4.065443856574766e-5,0.01585367736783016,31.216187961911107,837
SMARCA2,ENSE00003785871,non_canonical,6,6,1.0201928274889659e-5,0.00497295268074717,20.21389599047076,837
SMAD3,ENSE00003914196,non_canonical,17,8,3.728732528800414e-7,2.875162724726405e-4,9.319968023044387,838
CDK13,ENSE00003824253,non_canonical,5,11,1.4814475506265774e-5,0.00679237264224661,22.331783939026852,839.5
CDK13,ENSE00003828439,non_canonical,5,11,1.4814475506265774e-5,0.00679237264224661,22.331783939026852,839.5
CSNK2A1,ENSE00003705113,non_canonical,10,6,1.7431898198117643e-6,0.0010566836982985688,13.709069115653381,842
NR2F1,ENSE00003714984,non_canonical,45,9,6.995486429328381e-8,6.776766790335456e-5,6.448370609541509,846
MYOT,ENSE00001196180,canonical,6,38,5.8114426372017384e-5,0.02142680442291734,37.55942251878578,848.5
HNF1A,ENSE00003509687,non_canonical,25,10,1.0217487213251898e-7,9.392724281443457e-5,6.783607507588025,849
HNF1A,ENSE00003749788,non_canonical,25,10,1.0217487213251898e-7,9.392724281443457e-5,6.783607507588025,849
MEF2C,ENSE00003793823,non_canonical,8,2,1.565655923820246e-5,0.007142750989565629,21.645132868755987,850
AUTS2,ENSE00003831023,non_canonical,7,21,3.254710173601319e-6,0.0018314924234243306,14.688355944417438,851
GLI3,ENSE00001853445,non_canonical,4,21,7.276699388323443e-5,0.0255745489868378,43.112490646968425,854
TCOF1,ENSE00002034512,non_canonical,3,1,1.4369041121858555e-4,0.04502201502787453,90.67064965763396,854
STAT3,ENSE00001878168,non_canonical,13,2,7.114793983559254e-6,0.0036239280103946073,16.614864540142843,862
GFAP,ENSE00003806663,non_canonical,7,3,1.4031429716816973e-5,0.006478584109972868,19.837827014540537,865
COL6A2,ENSE00003569914,non_canonical,5,2,5.177410763007912e-5,0.01936272325712578,31.15063569655173,865.5
CHD8,ENSE00003660482,non_canonical,3,4,1.0916224069852042e-4,0.035549728853862844,52.178018737629614,867
CHD8,ENSE00003817219,non_canonical,3,4,1.0916224069852042e-4,0.035549728853862844,52.178018737629614,867
FH,ENSE00003919040,canonical,63,43,6.502072502152935e-9,8.691766088904177e-6,3.64727080703883,870
TPM3,ENSE00001774775,non_canonical,4,1,1.2491622503249726e-4,0.040041209221935145,55.17681302319757,873
PAX2,ENSE00002450135,non_canonical,14,8,1.1998255545806882e-6,7.667862187228398e-4,10.386700197981376,873.5
PAX2,ENSE00002523975,non_canonical,14,8,1.1998255545806882e-6,7.667862187228398e-4,10.386700197981376,873.5
KCNQ2,ENSE00003774638,non_canonical,40,30,1.3972552843218113e-8,1.6973324906214002e-5,4.087863369085823,874
KCNQ2,ENSE00004020473,non_canonical,40,30,1.3972552843218113e-8,1.6973324906214002e-5,4.087863369085823,874
DCLRE1C,ENSE00003969431,non_canonical,3,3,1.2373627016718636e-4,0.03970455662848961,54.66345450808125,874
PRPH2,ENSE00000751440,canonical,80,43,1.4647055784368101e-8,1.765258549886127e-5,4.063900176755536,878
ETV6,ENSE00002245284,non_canonical,4,1,1.3313362348161024e-4,0.042233020539057545,56.999202894599364,879
CHD4,ENSE00003818047,non_canonical,12,16,8.525644205688161e-7,5.878086045597432e-4,9.059144866563946,879
BEST1,ENSE00002173903,canonical,40,60,1.363683277741408e-8,1.6698028999287992e-5,3.80112657874217,880
NAA10,ENSE00001809670,non_canonical,17,3,3.0869496501868554e-6,0.001763016841259702,12.708333235056061,883
NAA10,ENSE00001863858,non_canonical,17,3,3.0869496501868554e-6,0.001763016841259702,12.708333235056061,883
APTX,ENSE00003890880,non_canonical,5,26,2.2294439060247388e-5,0.009531806822797388,21.28711826708948,885
DNM1L,ENSE00003988663,non_canonical,7,2,2.6189597115002696e-5,0.010863359713881606,23.32851514341626,885
DNM1L,ENSE00003988779,non_canonical,7,2,2.6189597115002696e-5,0.010863359713881606,23.32851514341626,885
GNAS,ENSE00003922484,non_canonical,10,5,3.6532227628632873e-6,0.0020407382338826817,12.753203763655254,887
PAX8,ENSE00003561996,non_canonical,6,17,1.7812994801695564e-5,0.007868562725389678,19.34351539131621,895
GNAI1,ENSE00003587658,non_canonical,5,1,1.0180815689557913e-4,0.03379083471851364,40.449594101073515,895.5
GNAI1,ENSE00003831576,non_canonical,5,1,1.0180815689557913e-4,0.03379083471851364,40.449594101073515,895.5
GNAI1,ENSE00003838157,non_canonical,5,1,1.0180815689557913e-4,0.03379083471851364,40.449594101073515,895.5
DMD,ENSE00003921358,non_canonical,4,7,5.9992681291699845e-5,0.021915226249421427,29.253577514443418,895.5
KCNQ2,ENSE00001209872,non_canonical,29,17,7.505500597260894e-8,7.157582064901885e-5,5.155327550808434,897
KCNQ2,ENSE00001812236,non_canonical,29,17,7.505500597260894e-8,7.157582064901885e-5,5.155327550808434,897
KCNQ2,ENSE00003771528,non_canonical,29,17,7.505500597260894e-8,7.157582064901885e-5,5.155327550808434,897
KCNQ2,ENSE00004020456,non_canonical,29,17,7.505500597260894e-8,7.157582064901885e-5,5.155327550808434,897
DCLRE1C,ENSE00001476881,non_canonical,4,8,5.058657415045842e-5,0.01907088925977627,28.096716042123017,897
DCLRE1C,ENSE00001904401,non_canonical,4,8,5.058657415045842e-5,0.01907088925977627,28.096716042123017,897
DCLRE1C,ENSE00003622044,non_canonical,4,8,5.058657415045842e-5,0.01907088925977627,28.096716042123017,897
DCLRE1C,ENSE00003969410,non_canonical,4,8,5.058657415045842e-5,0.01907088925977627,28.096716042123017,897
DCLRE1C,ENSE00003969421,non_canonical,4,8,5.058657415045842e-5,0.01907088925977627,28.096716042123017,897
DCLRE1C,ENSE00003969423,non_canonical,4,8,5.058657415045842e-5,0.01907088925977627,28.096716042123017,897
DCLRE1C,ENSE00003969434,non_canonical,4,8,5.058657415045842e-5,0.01907088925977627,28.096716042123017,897
DCLRE1C,ENSE00003969456,non_canonical,4,8,5.058657415045842e-5,0.01907088925977627,28.096716042123017,897
DCLRE1C,ENSE00003969459,non_canonical,4,8,5.058657415045842e-5,0.01907088925977627,28.096716042123017,897
CSNK2A1,ENSE00003821323,non_canonical,8,4,1.1144993658963047e-5,0.005339132173523894,15.974831525121743,898
PKD2,ENSE00003579436,canonical,8,24,4.087629550432519e-6,0.0022265216334135278,12.710529338359702,899
PKD2,ENSE00003625455,non_canonical,8,24,4.087629550432519e-6,0.0022265216334135278,12.710529338359702,899
GFAP,ENSE00003801676,non_canonical,9,6,4.741209911372433e-6,0.0025642741662002286,12.859577568119121,899
CACNA1E,ENSE00003979078,non_canonical,3,7,1.4047532976837007e-4,0.04432220031608789,48.78278174967184,899.5
BRCA1,ENSE00001831829,non_canonical,20,18,1.681917151033207e-7,1.4262284716739205e-4,6.073233749390199,901
BRCA1,ENSE00001937547,non_canonical,20,18,1.681917151033207e-7,1.4262284716739205e-4,6.073233749390199,901
BRCA1,ENSE00003487914,non_canonical,20,18,1.681917151033207e-7,1.4262284716739205e-4,6.073233749390199,901
BRCA1,ENSE00003513816,non_canonical,20,18,1.681917151033207e-7,1.4262284716739205e-4,6.073233749390199,901
BRCA1,ENSE00003823658,non_canonical,20,18,1.681917151033207e-7,1.4262284716739205e-4,6.073233749390199,901
BRCA1,ENSE00003978789,non_canonical,20,18,1.681917151033207e-7,1.4262284716739205e-4,6.073233749390199,901
BRCA1,ENSE00003978790,non_canonical,20,18,1.681917151033207e-7,1.4262284716739205e-4,6.073233749390199,901
BRCA1,ENSE00003979060,non_canonical,20,18,1.681917151033207e-7,1.4262284716739205e-4,6.073233749390199,901
BRCA1,ENSE00004011557,non_canonical,20,18,1.681917151033207e-7,1.4262284716739205e-4,6.073233749390199,901
SDHB,ENSE00001859670,non_canonical,17,18,5.873607720581946e-7,4.281020941487013e-4,7.08203611391026,902
GNAS,ENSE00003922281,non_canonical,16,15,5.533363411001477e-7,4.071810594653299e-4,6.900293556271493,907
EHMT1,ENSE00003792678,non_canonical,5,7,2.892349766130717e-5,0.011789695211823369,21.3962302582325,911
HRAS,ENSE00001868274,non_canonical,8,2,2.8273275262853305e-5,0.011584713056129793,21.202456938002324,912
RAC1,ENSE00003968019,canonical,15,1,4.4350902813803467e-5,0.0171856941384323,23.69489873166188,920
SCN8A,ENSE00002329545,non_canonical,22,7,8.78705916089089e-7,6.017661186424875e-4,7.237347290121867,920
PTEN,ENSE00001893700,non_canonical,85,11,9.686151397229721e-8,8.9580805610875e-5,4.670775666087132,921
GUCY2C,ENSE00000722294,canonical,4,17,9.708730350025194e-5,0.032538872669884124,33.784690343483256,921
SMS,ENSE00003461012,non_canonical,5,2,1.0299122934815413e-4,0.03397378785350964,35.499089491077434,922
TSC2,ENSE00003815292,non_canonical,10,13,2.9266703899941722e-6,0.0017097563736355266,9.546626294808132,925
GABRA2,ENSE00002083619,non_canonical,5,2,8.0559618435723e-5,0.027865435475190423,29.75694329671877,926
GABRA2,ENSE00003643399,non_canonical,5,2,8.0559618435723e-5,0.027865435475190423,29.75694329671877,926
GABRA2,ENSE00003771199,non_canonical,5,2,8.0559618435723e-5,0.027865435475190423,29.75694329671877,926
TPM1,ENSE00003819092,non_canonical,6,1,9.66570932531295e-5,0.03251502130400879,32.3519862422216,926
SPAST,ENSE00003823844,non_canonical,11,3,9.66912706369133e-6,0.004758122315910545,13.49038089483334,928.5
SPAST,ENSE00003828874,non_canonical,11,3,9.66912706369133e-6,0.004758122315910545,13.49038089483334,928.5
NSD1,ENSE00003933997,non_canonical,14,11,1.567211251993785e-6,9.731332828810091e-4,7.7249251736602655,931
KMT2D,ENSE00003932557,non_canonical,23,87,1.0573760838329756e-7,9.604865483173605e-5,4.532424942621489,931.5
KMT2D,ENSE00003938012,non_canonical,23,87,1.0573760838329756e-7,9.604865483173605e-5,4.532424942621489,931.5
SLC6A1,ENSE00003826632,non_canonical,10,3,1.2857637647370339e-5,0.006018318098796649,14.076907524738672,934
CACNA1A,ENSE00003799408,non_canonical,6,4,2.6061075774461863e-5,0.010854172130718728,19.060752951976443,934
GATA2,ENSE00001744437,non_canonical,19,6,2.094232819229096e-6,0.0012545725061103932,8.612592324694608,936
LZTR1,ENSE00001813266,non_canonical,8,16,6.323145123626675e-6,0.0032774632929916175,11.55332624995537,936.5
DDX3X,ENSE00003830261,non_canonical,12,2,1.6350043787624776e-5,0.00738211711543908,15.054267998719384,938
RET,ENSE00003917679,non_canonical,14,57,1.2683833934984262e-6,8.038872141154001e-4,7.045537494250235,947
WT1,ENSE00003841772,non_canonical,11,2,1.9816118483592296e-5,0.008609094237253765,15.718749737991198,950.5
WT1,ENSE00003850313,non_canonical,11,2,1.9816118483592296e-5,0.008609094237253765,15.718749737991198,950.5
GFAP,ENSE00003804545,non_canonical,8,5,1.2941643888787766e-5,0.006039170773225169,13.658432453407395,952
GFAP,ENSE00003805405,non_canonical,8,5,1.2941643888787766e-5,0.006039170773225169,13.658432453407395,952
FH,ENSE00003920221,non_canonical,34,15,3.287828866770638e-7,2.5873269220972434e-4,4.996602159580486,955
GRIN2B,ENSE00003769706,non_canonical,17,3,8.283699038630173e-6,0.004191414792901601,10.786507943518256,959
PTCH1,ENSE00002405951,canonical,8,24,9.683490797113124e-6,0.004758122315910545,10.787590207979752,964
RUNX1,ENSE00001537135,non_canonical,11,27,5.525334226957195e-6,0.002936484919368293,9.418153590869881,967
TMEM67,ENSE00003921108,non_canonical,8,18,1.0116555482252997e-5,0.004947092594612281,10.781132592363084,970
GRIN2B,ENSE00003963149,non_canonical,30,11,7.232665709183744e-7,5.054939787432256e-4,5.594020773384512,970
SDHB,ENSE00001915047,non_canonical,10,6,1.0355194672691712e-5,0.005007791774414514,11.114753762432052,970.5
SCN2A,ENSE00001952525,canonical,34,7,1.0471555390225036e-6,6.864138192838732e-4,6.155758020504439,971
ALDH7A1,ENSE00002073839,non_canonical,8,4,2.048341739255826e-5,0.008831526383394274,14.282435910996924,973
GABRA1,ENSE00003891944,canonical,20,45,6.88789614183402e-7,4.922281470138578e-4,5.278407223861088,975
CFH,ENSE00003965691,non_canonical,10,20,4.941513456014982e-6,0.002658516870220222,9.007474954142713,975
CFH,ENSE00003965695,non_canonical,10,20,4.941513456014982e-6,0.002658516870220222,9.007474954142713,975
AIRE,ENSE00001050710,non_canonical,10,16,6.2724946451095904e-6,0.0032655375183009315,9.37037703847736,976
AIRE,ENSE00002157138,non_canonical,10,16,6.2724946451095904e-6,0.0032655375183009315,9.37037703847736,976
AIRE,ENSE00002196264,canonical,10,16,6.2724946451095904e-6,0.0032655375183009315,9.37037703847736,976
LDLR,ENSE00002567083,non_canonical,29,12,6.779069730265613e-7,4.89436043827573e-4,5.193202767514765,976
PKD1,ENSE00001865714,non_canonical,19,56,4.6418131215858634e-7,3.4912821444222714e-4,4.757813853065298,977
GRIA2,ENSE00002038947,non_canonical,5,4,6.086005014502197e-5,0.02212645908597877,21.683605323877213,978
GRIA2,ENSE00003480247,non_canonical,5,4,6.086005014502197e-5,0.02212645908597877,21.683605323877213,978
GRIA2,ENSE00003989812,non_canonical,5,4,6.086005014502197e-5,0.02212645908597877,21.683605323877213,978
H3-3B,ENSE00002812531,non_canonical,13,5,7.807123256346429e-6,0.003956815515286041,9.918269783595475,980
TBX5,ENSE00003664921,non_canonical,8,12,1.7731899820020775e-5,0.007844059498417282,13.561207894890575,981
HDAC8,ENSE00003835578,non_canonical,7,1,9.947350320723544e-5,0.03320701068898464,27.718159715868364,983
HDAC8,ENSE00003836670,non_canonical,7,1,9.947350320723544e-5,0.03320701068898464,27.718159715868364,983
DDX3X,ENSE00003818288,non_canonical,15,4,8.524862593449553e-6,0.004273671095844804,9.4783975880619,986.5
ABCC8,ENSE00003918181,non_canonical,28,22,4.816661869545215e-7,3.6050770941446975e-4,4.344820533249748,990
AFF3,ENSE00001885964,non_canonical,9,47,1.0783612106464944e-5,0.005190376317658882,10.370090534992524,990.5
BMPR1A,ENSE00004020651,non_canonical,6,8,8.173551539452829e-5,0.028208428379450957,22.535689388529278,1005
TP63,ENSE00003678146,non_canonical,10,3,2.4563078129667817e-5,0.01027219873914469,13.693290097951932,1010
MPZ,ENSE00001931533,non_canonical,16,14,3.2751015011106094e-6,0.001836216248205091,6.707943442702955,1011
MPZ,ENSE00003902204,non_canonical,16,14,3.2751015011106094e-6,0.001836216248205091,6.707943442702955,1011
POLG,ENSE00002201004,non_canonical,19,34,1.1651407934590145e-6,7.535015219157992e-4,4.8808030888810885,1018
FUS,ENSE00001821991,non_canonical,6,8,4.7795346109919634e-5,0.018357730679007023,15.374580598510189,1022
FUS,ENSE00001922809,non_canonical,6,8,4.7795346109919634e-5,0.018357730679007023,15.374580598510189,1022
FUS,ENSE00003606339,canonical,6,8,4.7795346109919634e-5,0.018357730679007023,15.374580598510189,1022
FAS,ENSE00003969327,non_canonical,18,6,6.437611945315382e-6,0.0033232407566609525,7.1672464506774665,1028
CHD4,ENSE00003827001,non_canonical,10,14,1.0768198925313524e-5,0.005190376317658882,8.382492594752609,1028.5
SOS1,ENSE00003936068,non_canonical,6,7,4.791044358434686e-5,0.01837887843363441,14.855238619235347,1031
AFG3L2,ENSE00003936250,non_canonical,4,12,1.555343441717286e-4,0.04848490166787125,27.863243295731028,1032
POLG,ENSE00003796387,non_canonical,26,62,8.741691599577109e-7,6.000014870992253e-4,3.7552498875011433,1034.5
COL6A1,ENSE00002446605,canonical,4,4,1.2758371418825328e-4,0.04076819059217964,26.411732219501005,1035
SIX1,ENSE00003825363,canonical,11,38,2.355724872916795e-5,0.009932982067455775,11.394445111772715,1037
MNX1,ENSE00003526167,non_canonical,5,7,8.74132463688689e-5,0.029998814998249045,19.815000723891487,1041
CACNA1A,ENSE00003792491,non_canonical,5,3,1.0205223546332885e-4,0.03379083471851364,21.098456089937407,1042.5
GLDC,ENSE00001899611,non_canonical,15,21,3.6351206301105965e-6,0.0020343384411141787,5.829938357007121,1045
CYFIP2,ENSE00002102960,non_canonical,6,5,6.384554661450172e-5,0.022939435128675193,16.657455507721192,1048
CYFIP2,ENSE00003581493,non_canonical,6,5,6.384554661450172e-5,0.022939435128675193,16.657455507721192,1048
C1R,ENSE00001712632,non_canonical,4,7,1.3146886239841674e-4,0.041748182735895575,24.23677534308909,1050
GFAP,ENSE00003803658,non_canonical,8,6,2.7408565698868106e-5,0.011292476624142,11.378386924340182,1050
LDLR,ENSE00003541001,non_canonical,39,23,1.0632205621930228e-6,6.95455295937026e-4,3.706120209803534,1051
DNM2,ENSE00003918527,non_canonical,5,5,9.537750719473942e-5,0.03219069735661922,19.08430454448791,1060
SOX9,ENSE00000855030,canonical,21,31,4.020433995221988e-6,0.0021977415261024195,5.698313176070297,1061
ABCC8,ENSE00002192093,non_canonical,26,21,1.7242827362938844e-6,0.0010485326148361703,4.21413309093531,1061.5
GABRB3,ENSE00002511915,non_canonical,6,2,1.1525021035959327e-4,0.037373299147540985,20.881103832798228,1064
SOS1,ENSE00003929655,non_canonical,15,56,4.782181196384965e-6,0.0025818717951276286,5.705928403532523,1066
FGFR1,ENSE00002164739,non_canonical,11,6,1.8970286517658526e-5,0.008343655328714982,8.903449996800525,1066
F8,ENSE00001591329,canonical,15,5,1.68728994960295e-5,0.007562418731661128,7.914774440859725,1067
CFTR,ENSE00003976974,non_canonical,27,40,1.7134502217893235e-6,0.001044863310546111,3.8243447824763197,1069
CFTR,ENSE00003977053,non_canonical,27,40,1.7134502217893235e-6,0.001044863310546111,3.8243447824763197,1069
SCN1A,ENSE00001925663,non_canonical,79,12,1.7034152118966732e-6,0.0010428989293316193,3.774806316120038,1069.5
SCN1A,ENSE00003797157,non_canonical,79,12,1.7034152118966732e-6,0.0010428989293316193,3.774806316120038,1069.5
KCNQ2,ENSE00003792700,non_canonical,17,8,9.738682739424085e-6,0.0047775730131290085,6.3024142235103495,1076
SYNGAP1,ENSE00003468277,non_canonical,21,49,3.164153672755482e-6,0.001794043076877228,4.624262760001354,1079
ALG1,ENSE00003916474,non_canonical,10,22,1.7369646308962514e-5,0.007717265788243259,7.5691476591886,1079
ALG1,ENSE00003920426,non_canonical,10,22,1.7369646308962514e-5,0.007717265788243259,7.5691476591886,1079
TGM1,ENSE00000654401,canonical,12,16,1.3482237263158458e-5,0.006243846400904791,6.910373286043498,1081
TGM1,ENSE00002563841,non_canonical,12,16,1.3482237263158458e-5,0.006243846400904791,6.910373286043498,1081
BEST1,ENSE00003655051,non_canonical,12,8,1.9401457872063343e-5,0.00849667279513023,7.531586358101624,1091
GNAS,ENSE00001853360,non_canonical,7,3,7.66902184791461e-5,0.026708088374102622,14.751973398234178,1098
GNAS,ENSE00001955479,non_canonical,7,3,7.66902184791461e-5,0.026708088374102622,14.751973398234178,1098
GABBR2,ENSE00003785715,non_canonical,8,12,4.060191642873989e-5,0.0158533911443442,10.08191455780867,1103
GABBR2,ENSE00003799429,non_canonical,8,12,4.060191642873989e-5,0.0158533911443442,10.08191455780867,1103
AR,ENSE00001464369,non_canonical,13,4,3.045073866198298e-5,0.012313844279004267,9.082340675565714,1104
AR,ENSE00001930911,canonical,13,4,3.045073866198298e-5,0.012313844279004267,9.082340675565714,1104
AR,ENSE00002302113,non_canonical,13,4,3.045073866198298e-5,0.012313844279004267,9.082340675565714,1104
AR,ENSE00003745993,non_canonical,13,4,3.045073866198298e-5,0.012313844279004267,9.082340675565714,1104
HNF1A,ENSE00003734099,non_canonical,12,3,4.645195916435486e-5,0.01790916088084674,10.39885372945653,1104.5
HNF1A,ENSE00003737445,non_canonical,12,3,4.645195916435486e-5,0.01790916088084674,10.39885372945653,1104.5
KRT5,ENSE00002412542,non_canonical,12,25,1.3988277516110707e-5,0.006468416183129622,6.157652848345904,1110
FGFR1,ENSE00001828369,non_canonical,12,8,2.3262137784081083e-5,0.009822076715121243,7.3045561722803045,1115
FGFR1,ENSE00001862079,non_canonical,12,8,2.3262137784081083e-5,0.009822076715121243,7.3045561722803045,1115
FGFR1,ENSE00002170538,non_canonical,12,8,2.3262137784081083e-5,0.009822076715121243,7.3045561722803045,1115
FGFR1,ENSE00003916905,non_canonical,12,8,2.3262137784081083e-5,0.009822076715121243,7.3045561722803045,1115
FGFR1,ENSE00003919385,non_canonical,12,8,2.3262137784081083e-5,0.009822076715121243,7.3045561722803045,1115
FGFR1,ENSE00003920694,non_canonical,12,8,2.3262137784081083e-5,0.009822076715121243,7.3045561722803045,1115
FGFR1,ENSE00003921193,non_canonical,12,8,2.3262137784081083e-5,0.009822076715121243,7.3045561722803045,1115
SLC4A11,ENSE00003532783,non_canonical,6,18,6.982607830256013e-5,0.024797168317841886,12.87649804896385,1119
PDGFRB,ENSE00003469927,canonical,5,8,1.0946115614912029e-4,0.035609191413781834,15.962169740565963,1122
SYNGAP1,ENSE00003461723,non_canonical,9,9,3.883377183821918e-5,0.015240761839891865,8.926213192733542,1126
HNRNPA1,ENSE00002356700,non_canonical,17,13,1.2268118487229143e-5,0.005751173707979456,5.458557958319547,1127
HNRNPA1,ENSE00003904639,non_canonical,17,13,1.2268118487229143e-5,0.005751173707979456,5.458557958319547,1127
HNRNPA1,ENSE00003904662,non_canonical,17,13,1.2268118487229143e-5,0.005751173707979456,5.458557958319547,1127
HNRNPA1,ENSE00003905922,non_canonical,17,13,1.2268118487229143e-5,0.005751173707979456,5.458557958319547,1127
LDLR,ENSE00002545919,non_canonical,34,20,5.006632270348811e-6,0.002679423549998563,3.670244425918111,1131
CBS,ENSE00003525847,canonical,9,2,1.1019673778270984e-4,0.03581043032913284,14.668740386565988,1142
HNRNPA1,ENSE00003905084,non_canonical,10,4,5.86503679404079e-5,0.021527638649781373,10.00997107072191,1147
HNRNPA1,ENSE00003905720,non_canonical,10,4,5.86503679404079e-5,0.021527638649781373,10.00997107072191,1147
HNRNPA1,ENSE00003906662,non_canonical,10,4,5.86503679404079e-5,0.021527638649781373,10.00997107072191,1147
KDM5C,ENSE00003935298,non_canonical,9,4,6.891718574147186e-5,0.024502821021114247,11.034278439663648,1148
KDM5C,ENSE00003937503,non_canonical,9,4,6.891718574147186e-5,0.024502821021114247,11.034278439663648,1148
FGFR1,ENSE00002159623,non_canonical,11,7,4.122649575640302e-5,0.01601555187937829,7.626191889395348,1151
TP53,ENSE00004023721,non_canonical,40,19,8.542283905823413e-6,0.004273671095844804,3.6057588536491085,1156.5
EIF2B5,ENSE00001901717,non_canonical,15,26,1.4821981330918384e-5,0.00679237264224661,4.863092924015821,1159
PNPLA6,ENSE00003207909,non_canonical,6,13,9.389573025287593e-5,0.03190162147059976,12.172505113284208,1159
ACVRL1,ENSE00004020483,non_canonical,60,18,7.305897236484269e-6,0.0037150851528780144,3.3556698639653137,1159
ABCC8,ENSE00002180515,non_canonical,18,12,1.585143723811776e-5,0.0072101663704793595,5.057371210811983,1161
F8,ENSE00003821033,non_canonical,14,5,4.640562387501259e-5,0.01790916088084674,7.360524748087431,1162
EDA,ENSE00001463806,canonical,20,4,4.833181217508076e-5,0.01849416792879465,7.5898100335786545,1163
EDA,ENSE00002169047,non_canonical,20,4,4.833181217508076e-5,0.01849416792879465,7.5898100335786545,1163
GABRA1,ENSE00003795586,canonical,7,6,8.688642849403452e-5,0.029885026393925672,11.358879273052365,1163
CRX,ENSE00000715918,canonical,12,21,3.641260582532767e-5,0.014457363028857726,6.874840583960146,1167
ASAH1,ENSE00002102113,non_canonical,12,40,1.9157269854187647e-5,0.008413806955184967,5.286394664060496,1170
EHMT1,ENSE00001918465,non_canonical,6,17,8.952333974822417e-5,0.03065423351647246,10.756427290588315,1177
EHMT1,ENSE00003800882,non_canonical,6,17,8.952333974822417e-5,0.03065423351647246,10.756427290588315,1177
C1R,ENSE00003837406,non_canonical,5,16,1.5502177844824703e-4,0.048430898224276264,14.108628124240049,1178
BRCA1,ENSE00003598175,non_canonical,12,10,3.5249171775591704e-5,0.014050099562427256,6.432635181175307,1182
BRCA1,ENSE00003978787,non_canonical,12,10,3.5249171775591704e-5,0.014050099562427256,6.432635181175307,1182
DOK7,ENSE00001506478,canonical,6,32,9.047380430829735e-5,0.030869130086031715,10.563643590491361,1183.5
DOK7,ENSE00002026074,non_canonical,6,32,9.047380430829735e-5,0.030869130086031715,10.563643590491361,1183.5
DOK7,ENSE00002031236,non_canonical,6,32,9.047380430829735e-5,0.030869130086031715,10.563643590491361,1183.5
KMT2D,ENSE00003920995,non_canonical,6,8,1.0840833485850544e-4,0.03545508490051889,11.631185838472819,1184
KMT2D,ENSE00003930945,non_canonical,6,8,1.0840833485850544e-4,0.03545508490051889,11.631185838472819,1184
TNNT2,ENSE00001915170,non_canonical,6,4,1.5520289807270028e-4,0.048430898224276264,13.943098419526383,1186.5
TNNT2,ENSE00003861895,non_canonical,6,4,1.5520289807270028e-4,0.048430898224276264,13.943098419526383,1186.5
KCNQ1,ENSE00004020980,canonical,17,12,2.2802955351221167e-5,0.009722062245286663,5.244336967780714,1187
ABCC6,ENSE00002655440,non_canonical,12,30,2.6955513097920958e-5,0.011120783921206958,5.770071832094107,1187
ABCC6,ENSE00003629160,non_canonical,12,30,2.6955513097920958e-5,0.011120783921206958,5.770071832094107,1187
AR,ENSE00003900493,non_canonical,26,19,1.494821516583875e-5,0.006839981504583794,4.022526013703513,1187
PAX2,ENSE00002433876,non_canonical,14,13,3.6976431757243266e-5,0.014624322079492647,6.23873128393798,1190
DHCR7,ENSE00003919809,non_canonical,18,13,2.1951787726057923e-5,0.009411598401541809,4.820096613645024,1196
DHCR7,ENSE00003920406,non_canonical,18,13,2.1951787726057923e-5,0.009411598401541809,4.820096613645024,1196
DHCR7,ENSE00003921000,non_canonical,18,13,2.1951787726057923e-5,0.009411598401541809,4.820096613645024,1196
IRF6,ENSE00003516334,non_canonical,15,13,3.229720944330453e-5,0.012974831699192103,5.98379879447215,1200
ATL1,ENSE00002499412,non_canonical,12,7,5.682270089537576e-5,0.020982587693718247,7.116207150192086,1201
FLNA,ENSE00001731840,non_canonical,6,13,1.2232621842606334e-4,0.03929328644762488,11.129670885522991,1208
ARSA,ENSE00002394629,non_canonical,86,101,1.3146751831357661e-5,0.006116236581482078,2.1649712800116503,1209
NSD1,ENSE00002041477,non_canonical,11,10,5.127915628291635e-5,0.019284490566739993,6.601742032517746,1213
MEN1,ENSE00003895360,non_canonical,34,28,1.6707095393250365e-5,0.007499085105251909,3.220237944440168,1215
PRRT2,ENSE00003800537,non_canonical,9,30,5.816566861180031e-5,0.02142680442291734,6.6323469626428,1222.5
ASL,ENSE00003895172,canonical,30,37,1.7926422827197826e-5,0.007895879936491797,3.243007302504657,1224.5
PRPF8,ENSE00002681899,non_canonical,11,8,6.365238778310568e-5,0.022923845821369776,7.015531445943593,1225
LPL,ENSE00001206552,canonical,16,38,2.9985954271206917e-5,0.012190305871848422,4.656694997884829,1232
PTPN11,ENSE00003785405,non_canonical,28,5,5.575230492996168e-5,0.02063711678979428,6.159579396452439,1233
MYH9,ENSE00001802693,non_canonical,9,32,6.589055527065657e-5,0.023618755011069543,6.8086917416244965,1234
PAX3,ENSE00003830322,non_canonical,10,9,8.360234722084946e-5,0.028787795873168095,7.381749681186551,1236
MEN1,ENSE00003892154,non_canonical,22,13,2.847461895360049e-5,0.011622200472101576,4.385471110398484,1237
FH,ENSE00003919707,non_canonical,26,13,3.1018292729836065e-5,0.012510302727875384,4.219536823371559,1249
BRCA1,ENSE00003979061,non_canonical,11,9,6.874660669992056e-5,0.0244990817729682,6.536033327669016,1251.5
BRCA1,ENSE00004020664,non_canonical,11,9,6.874660669992056e-5,0.0244990817729682,6.536033327669016,1251.5
SCN8A,ENSE00003794644,non_canonical,15,5,7.367656521506519e-5,0.025746427104607027,6.747956654888879,1255
DYNC1H1,ENSE00003821903,non_canonical,9,30,6.865341771163752e-5,0.0244990817729682,6.385023528865863,1256
YY1,ENSE00003754928,non_canonical,23,4,7.862905509936792e-5,0.027321142278114087,6.767162600112321,1256
SLC6A1,ENSE00003816360,non_canonical,30,44,2.368784236138722e-5,0.009960140184423191,3.081149094604384,1257.5
SLC6A1,ENSE00003824489,non_canonical,30,44,2.368784236138722e-5,0.009960140184423191,3.081149094604384,1257.5
PAK1,ENSE00002147596,non_canonical,11,5,1.1899279617262685e-4,0.038302917733296034,8.064497597871464,1263.5
PAK1,ENSE00002182833,non_canonical,11,5,1.1899279617262685e-4,0.038302917733296034,8.064497597871464,1263.5
PAK1,ENSE00003499531,non_canonical,11,5,1.1899279617262685e-4,0.038302917733296034,8.064497597871464,1263.5
PAK1,ENSE00003674392,non_canonical,11,5,1.1899279617262685e-4,0.038302917733296034,8.064497597871464,1263.5
MAP2K2,ENSE00003475449,non_canonical,7,21,1.29192301746125e-4,0.04119619521929561,8.849169192478271,1265
MAP2K2,ENSE00003589398,non_canonical,7,21,1.29192301746125e-4,0.04119619521929561,8.849169192478271,1265
PRPF8,ENSE00003989252,non_canonical,13,12,5.9742415448652414e-5,0.021876014613805596,5.586139114533858,1266
TP53,ENSE00003656695,non_canonical,50,31,2.5771042503309657e-5,0.010747999361189581,2.8085928511260554,1266
EIF2B5,ENSE00001851842,canonical,19,45,3.3498064118770904e-5,0.013404480245801502,3.597130179179953,1272
EIF2B5,ENSE00003835603,non_canonical,19,45,3.3498064118770904e-5,0.013404480245801502,3.597130179179953,1272
FGFR1,ENSE00003917881,non_canonical,25,39,2.963362938128727e-5,0.012063093917818696,3.218905295075813,1272
PRRT2,ENSE00003797926,non_canonical,8,25,1.0760818288342217e-4,0.035344438781409006,6.977685486681853,1280
BRCA1,ENSE00003978786,non_canonical,9,6,1.334051838291495e-4,0.04227535701219384,7.987816736539479,1282
SLC2A1,ENSE00001457958,non_canonical,27,20,4.046249154058764e-5,0.015839357941693975,3.5826758236625134,1284
ABCC8,ENSE00002180857,non_canonical,16,11,5.93918186193511e-5,0.021773680857192525,4.889778163231115,1286
MSH6,ENSE00003847463,canonical,9,17,9.994015056038815e-5,0.03329018377534932,6.33476321509016,1295
LMNA,ENSE00003904153,non_canonical,21,13,5.427221709723279e-5,0.020137952845824123,4.204047250915102,1299
EZH2,ENSE00003922375,canonical,15,7,9.652513181975818e-5,0.03250635132306312,6.022019886092152,1307
PPT1,ENSE00003811765,canonical,9,29,1.1855970100647299e-4,0.038302917733296034,6.539661982222207,1311
IDUA,ENSE00002059526,non_canonical,9,9,1.5814339436694998e-4,0.049198024271962126,7.032429973357079,1320
GLDC,ENSE00003809260,non_canonical,10,13,1.1262997016874587e-4,0.03656233983887221,6.092416227029688,1320
CASR,ENSE00001839573,non_canonical,20,14,6.801797006152416e-5,0.024324370321534786,4.290201735938902,1323
TNNT2,ENSE00002029876,non_canonical,9,13,1.4175524792482238e-4,0.044644152772373075,6.683231242732971,1327
CAPN3,ENSE00003896713,non_canonical,10,22,1.058799784445417e-4,0.03481415574805919,5.581738310600982,1332
KCNQ2,ENSE00003762883,non_canonical,30,30,5.999124537365427e-5,0.021915226249421427,3.00214355052893,1342.5
SOX10,ENSE00001205173,canonical,30,30,6.321678693475252e-5,0.022793784236120662,3.236245151501659,1345
SOX10,ENSE00003846426,non_canonical,30,30,6.321678693475252e-5,0.022793784236120662,3.236245151501659,1345
COL2A1,ENSE00003686490,non_canonical,20,9,9.055428857067974e-5,0.030869130086031715,4.622864154985537,1345.5
ATP7B,ENSE00001859506,non_canonical,20,32,7.194837360496516e-5,0.025374235170451537,3.397519670887683,1357
ATP7B,ENSE00003786537,non_canonical,20,32,7.194837360496516e-5,0.025374235170451537,3.397519670887683,1357
GLA,ENSE00001842880,non_canonical,75,16,6.682750311959934e-5,0.023926590941487427,2.8586229784810064,1358
PLA2G6,ENSE00001860070,non_canonical,11,16,1.3098004814644272e-4,0.041636149884308464,5.355957845850798,1366
GNAS,ENSE00003917404,non_canonical,11,13,1.4324746519111641e-4,0.04497529645569698,5.395404252922136,1373
TSC2,ENSE00002620208,non_canonical,13,39,1.0441583307398826e-4,0.034406646739084265,4.158547233315253,1373
ATM,ENSE00003922119,non_canonical,10,57,1.4058818929479076e-4,0.04432220031608789,5.149544257338516,1382.5
ALDH7A1,ENSE00001813422,non_canonical,11,15,1.5742661378678185e-4,0.04902485759146456,5.333638692744976,1383
ATP7B,ENSE00003787856,non_canonical,14,17,1.211047624496178e-4,0.03894179609356828,4.423461666498115,1385
CLCN1,ENSE00003912307,non_canonical,15,16,1.353047295961312e-4,0.04283297189655396,4.4759112945467665,1398
MEN1,ENSE00001473542,non_canonical,20,13,1.3039965422283117e-4,0.04149474236038781,3.959221814721133,1408
RYR2,ENSE00004022547,non_canonical,40,113,1.0778224015245747e-4,0.03535094263809567,2.5046962326810074,1411.5
LDLR,ENSE00003538428,non_canonical,29,20,1.5123315018612742e-4,0.04733690381899522,3.0791876341647613,1443
